0.6733041979804203,-0.1113364584773458,0.7437783298799368,1232.0,699.0,1259.0,697.0,1262.0,724.0,1236.0,726.0,0.93
0.6726290733791722,-0.1107880672694912,0.7503739807556187,1232.0,699.0,1259.0,698.0,1261.0,724.0,1235.0,727.0,0.93
0.6713515307464333,-0.12172369090272495,0.7122822550969985,1231.0,701.0,1258.0,699.0,1261.0,725.0,1235.0,728.0,0.93
0.670483091212061,-0.12396334130893699,0.7066363712470709,1231.0,701.0,1258.0,700.0,1260.0,726.0,1234.0,728.0,0.93
0.6714229119807931,-0.12347999349553612,0.7121733550337401,1231.0,702.0,1258.0,700.0,1261.0,726.0,1235.0,729.0,0.93
0.6844493236703857,-0.1372599766000085,0.7819931148351529,1238.0,720.0,1265.0,718.0,1268.0,745.0,1241.0,748.0,0.93
0.6927381190889532,-0.1391196687163831,0.7997868391226302,1243.0,724.0,1270.0,722.0,1273.0,750.0,1246.0,752.0,0.93
0.7048985451822551,-0.13989943813108352,0.79381446378886,1251.0,724.0,1279.0,723.0,1280.0,750.0,1253.0,752.0,0.93
0.7073610614688713,-0.14644023571928383,0.7665817363441436,1252.0,724.0,1280.0,723.0,1282.0,750.0,1255.0,752.0,0.93
0.7095669679990741,-0.13771056459815917,0.8023359296998251,1254.0,724.0,1282.0,723.0,1283.0,751.0,1256.0,752.0,0.93
0.7133940625026407,-0.13932648354941357,0.8007664173960334,1257.0,725.0,1284.0,724.0,1286.0,752.0,1258.0,753.0,0.93
0.7176329678298252,-0.15333305262933133,0.7851501567664925,1259.0,731.0,1287.0,731.0,1288.0,758.0,1260.0,759.0,0.93
0.7159001641072735,-0.1674284512467717,0.7938704372224259,1257.0,741.0,1285.0,740.0,1287.0,768.0,1259.0,769.0,0.93
0.7129660451021412,-0.16889348900465645,0.8280662887322205,1255.0,748.0,1283.0,746.0,1285.0,773.0,1257.0,776.0,0.93
0.7078047005849915,-0.18140339346227147,0.8392422064006888,1251.0,757.0,1279.0,755.0,1281.0,782.0,1254.0,786.0,0.93
0.7005874207964461,-0.19250187641705713,0.8400809451777114,1246.0,764.0,1274.0,761.0,1276.0,789.0,1249.0,792.0,0.93
0.687145091687614,-0.21206250448659442,0.7997535542950747,1237.0,768.0,1264.0,765.0,1268.0,793.0,1241.0,796.0,0.93
0.5550891510709075,-0.21785597310957788,0.6886594220231967,1161.0,746.0,1187.0,743.0,1191.0,770.0,1166.0,773.0,0.93
0.5334909273119337,-0.18560709595363484,0.7783467759960163,1144.0,740.0,1171.0,737.0,1174.0,764.0,1149.0,767.0,0.93
0.5310097268532248,-0.18578707443999837,0.7785903961658627,1143.0,740.0,1169.0,737.0,1173.0,764.0,1147.0,767.0,0.93
0.5263858296380021,-0.18961175260896496,0.7610609228414111,1141.0,739.0,1168.0,737.0,1171.0,763.0,1145.0,766.0,0.93
0.5257741300167385,-0.18394974659534108,0.7810917408072013,1140.0,739.0,1166.0,736.0,1169.0,763.0,1144.0,766.0,0.93
0.5250197272562955,-0.1761341126691221,0.8126518034178525,1138.0,738.0,1164.0,737.0,1167.0,764.0,1141.0,766.0,0.93
0.5170548892661846,-0.19258096760206161,0.7712424657531152,1136.0,741.0,1162.0,740.0,1164.0,767.0,1138.0,768.0,0.93
0.522848757516136,-0.20277378272896834,0.7665835896301039,1140.0,746.0,1166.0,746.0,1167.0,773.0,1141.0,773.0,0.93
0.5288500097066726,-0.21017163461083815,0.7813879839027897,1142.0,753.0,1168.0,753.0,1170.0,780.0,1144.0,780.0,0.93
0.5274601106439596,-0.22131250242072925,0.7637313928206717,1142.0,757.0,1168.0,756.0,1170.0,783.0,1144.0,784.0,0.93
0.5255764523996775,-0.21513480249439992,0.7679833123864981,1141.0,754.0,1167.0,753.0,1168.0,780.0,1143.0,781.0,0.93
0.5168911038087921,-0.20968190823829763,0.7480129435681628,1137.0,747.0,1163.0,747.0,1165.0,773.0,1139.0,774.0,0.93
0.5128122374796731,-0.20450335167081685,0.7395064110632941,1135.0,743.0,1161.0,742.0,1163.0,768.0,1138.0,770.0,0.93
0.5107713483129934,-0.1965421977164678,0.7471011235606739,1133.0,740.0,1159.0,738.0,1162.0,764.0,1137.0,767.0,0.93
0.5070830568475839,-0.1967149971048024,0.7328930785734213,1132.0,739.0,1157.0,735.0,1161.0,761.0,1136.0,765.0,0.93
0.5064819015860273,-0.18630114335918418,0.7577849736757551,1130.0,736.0,1155.0,733.0,1159.0,759.0,1135.0,763.0,0.93
0.4940601716723976,-0.1935672255557394,0.7070307643464411,1126.0,733.0,1151.0,729.0,1155.0,754.0,1131.0,759.0,0.93
0.48477805753964426,-0.18991908127730378,0.6930193763436594,1122.0,728.0,1147.0,725.0,1151.0,750.0,1126.0,754.0,0.93
0.4848949397148873,-0.1741939662673238,0.7325058713949744,1120.0,725.0,1144.0,721.0,1149.0,747.0,1124.0,751.0,0.93
0.47790022280091893,-0.17351305735250416,0.7110388647406549,1117.0,722.0,1141.0,717.0,1147.0,743.0,1122.0,747.0,0.93
0.468408981563743,-0.1691554941608056,0.678581717339187,1114.0,715.0,1138.0,710.0,1144.0,735.0,1119.0,740.0,0.93
0.4702862142259551,-0.14261987208808985,0.74463125750589,1111.0,708.0,1135.0,704.0,1140.0,730.0,1116.0,734.0,0.93
0.27701506822474636,-0.1293624433366966,0.6019039486536384,1021.0,675.0,1044.0,673.0,1047.0,696.0,1023.0,699.0,0.93
0.2782723694209775,-0.12058324231876699,0.6421516259726059,1017.0,675.0,1039.0,672.0,1043.0,696.0,1021.0,699.0,0.93
0.2639483565634174,-0.12745726480719838,0.6046085332384012,1014.0,674.0,1037.0,672.0,1040.0,695.0,1016.0,697.0,0.93
0.2617216859980349,-0.12292766905934366,0.6234171662216483,1011.0,673.0,1034.0,671.0,1036.0,695.0,1013.0,697.0,0.93
0.24903468027535058,-0.1287400495744589,0.5927280353241686,1008.0,673.0,1030.0,670.0,1033.0,694.0,1011.0,696.0,0.93
0.2460125600286152,-0.12634622107209154,0.6008185482075143,1005.0,672.0,1028.0,670.0,1031.0,693.0,1008.0,696.0,0.93
0.2202822342679585,-0.12651394954829992,0.5539043538679627,998.0,667.0,1020.0,664.0,1023.0,687.0,1001.0,690.0,0.93
0.10009440954376725,0.22724894530536283,1.1278191004014844,831.0,521.0,833.0,492.0,864.0,494.0,862.0,524.0,0.93
0.09628811266739845,0.22521608825122202,1.1172114310790635,832.0,523.0,833.0,493.0,864.0,494.0,862.0,525.0,0.93
0.09931001359293246,0.22460648335189742,1.123712975743045,832.0,524.0,833.0,494.0,864.0,495.0,863.0,525.0,0.93
0.10098461545221515,0.2240499802920481,1.1259479294589074,832.0,524.0,834.0,494.0,865.0,496.0,863.0,526.0,0.93
0.10104946645243418,0.22259196820062657,1.1260440561307437,832.0,525.0,834.0,495.0,865.0,497.0,863.0,527.0,0.93
0.11125711489765999,0.22201879485344667,1.1527729305157999,832.0,527.0,833.0,497.0,865.0,498.0,863.0,528.0,0.93
0.09831346118281936,0.21664631632752268,1.1267283473361303,830.0,529.0,832.0,499.0,863.0,501.0,861.0,531.0,0.93
0.09968505948959594,0.2168132464828577,1.1378831742281599,828.0,530.0,830.0,499.0,861.0,501.0,859.0,531.0,0.93
0.09379372664064789,0.2163452783883903,1.127101472121546,827.0,529.0,829.0,499.0,860.0,501.0,858.0,531.0,0.93
0.08715757055311324,0.21693567260329258,1.1153732857076009,826.0,528.0,828.0,498.0,859.0,500.0,856.0,530.0,0.93
0.08085207318046639,0.21775122846339806,1.1067157775508822,824.0,527.0,826.0,497.0,857.0,499.0,855.0,529.0,0.93
0.08412052271588122,0.219783612753057,1.1157717044209012,824.0,526.0,826.0,496.0,857.0,498.0,854.0,528.0,0.93
0.08053479810851494,0.2206981917591649,1.106049634977905,824.0,525.0,826.0,495.0,857.0,497.0,855.0,527.0,0.93
0.08174575091814995,0.2221943168234953,1.1051921844620294,825.0,524.0,827.0,494.0,858.0,496.0,856.0,526.0,0.93
0.07628406836006518,0.22441488261328277,1.0937903630531307,825.0,522.0,827.0,492.0,857.0,494.0,855.0,524.0,0.93
0.06294235457199193,0.22843241368321432,1.0767598567754257,821.0,518.0,823.0,489.0,853.0,491.0,851.0,520.0,0.93
0.06257116135199814,0.2374356561761398,1.0959752463522994,816.0,513.0,818.0,483.0,848.0,485.0,846.0,515.0,0.93
0.03830389073235918,0.24585979952522194,1.0600634081124156,810.0,505.0,813.0,476.0,842.0,479.0,840.0,508.0,0.93
0.02592846673902338,0.2529905681215772,1.0603116347392185,803.0,500.0,805.0,471.0,835.0,474.0,832.0,503.0,0.93
0.008135205848026406,0.2567577376886178,1.0518263765969706,795.0,497.0,797.0,468.0,826.0,471.0,823.0,500.0,0.93
-0.025816613515060483,0.258489450469067,1.029702855943476,780.0,495.0,783.0,466.0,811.0,469.0,809.0,497.0,0.93
-0.04164473727391571,0.2637015062032698,1.0588822145386516,762.0,491.0,766.0,463.0,795.0,466.0,791.0,494.0,0.93
-0.09725880517868735,0.27575665129868915,1.040202885309503,735.0,482.0,738.0,454.0,767.0,457.0,764.0,484.0,0.93
-0.12013532723066267,0.28272645907944993,1.0058464246012258,732.0,477.0,735.0,449.0,763.0,452.0,761.0,479.0,0.93
-0.09497336658503963,0.2962925285437649,1.0450966642249109,736.0,470.0,738.0,441.0,766.0,443.0,764.0,471.0,0.93
-0.0895076449615575,0.3120916104540728,1.0392910411643606,740.0,459.0,743.0,431.0,772.0,434.0,769.0,461.0,0.93
-0.10466414681814873,0.3151743590053919,1.0031391630132722,742.0,457.0,745.0,429.0,773.0,432.0,770.0,459.0,0.93
-0.1308038821113945,0.3271238540053215,0.9155521205091668,751.0,450.0,755.0,422.0,782.0,425.0,779.0,452.0,0.93
-0.08531721325082442,0.34090267959747267,0.9702202278060834,762.0,441.0,766.0,414.0,793.0,417.0,790.0,444.0,0.93
-0.06691722003148959,0.3510818719730112,0.9694604379143055,773.0,435.0,777.0,408.0,804.0,411.0,800.0,438.0,0.93
-0.04567896051012066,0.3640104815340246,0.9895575949640063,779.0,426.0,784.0,399.0,812.0,404.0,807.0,430.0,0.93
-0.06285853409002795,0.37662808626939953,0.9457525770957809,781.0,419.0,786.0,392.0,813.0,397.0,808.0,423.0,0.92
-0.051636044901419154,0.3834720008795785,0.9433619207403918,788.0,415.0,793.0,388.0,820.0,393.0,815.0,419.0,0.93
-0.04001011318393344,0.38461958489021186,0.9407901776018981,796.0,415.0,799.0,388.0,827.0,392.0,823.0,418.0,0.92
-0.02025567577736087,0.383814657617195,0.9581617023259255,803.0,416.0,806.0,388.0,834.0,392.0,830.0,418.0,0.92
-0.019547559361901112,0.38628386015140975,0.940555227649388,807.0,413.0,812.0,386.0,839.0,392.0,834.0,419.0,0.92
-0.008457983109966372,0.38515905789039506,0.9605522514348115,807.0,412.0,815.0,385.0,842.0,394.0,834.0,420.0,0.93
-0.020509139330394666,0.38783691053686953,0.9413421007309528,805.0,410.0,813.0,384.0,840.0,393.0,831.0,419.0,0.93
-0.03721331566094954,0.39131592902138435,0.9218227774834582,800.0,408.0,809.0,382.0,835.0,392.0,826.0,417.0,0.92
-0.009828726830169665,0.3847975521142992,0.9614440445853925,806.0,412.0,814.0,386.0,841.0,394.0,833.0,420.0,0.93
0.005707949231818388,0.3829141857203243,0.9972736560080457,806.0,412.0,814.0,386.0,842.0,395.0,833.0,420.0,0.93
-0.00779271957773553,0.38345594009864864,0.963012982359325,807.0,413.0,815.0,386.0,842.0,395.0,833.0,421.0,0.93
-0.03425345174848815,0.3853849728371834,0.9001883618474871,807.0,413.0,815.0,387.0,842.0,395.0,833.0,421.0,0.93
-0.03425345174848815,0.3853849728371834,0.9001883618474871,807.0,413.0,815.0,387.0,842.0,395.0,833.0,421.0,0.92
-0.01786682643600712,0.3851541304044206,0.9412949444932759,806.0,412.0,815.0,386.0,841.0,395.0,833.0,420.0,0.91
-0.04006474847501984,0.3903034846978969,0.8993486047433585,804.0,410.0,812.0,384.0,839.0,392.0,830.0,418.0,0.88
-0.02327970788016398,0.3913216983154051,0.9431513365808335,803.0,408.0,811.0,382.0,838.0,391.0,829.0,416.0,0.84
-0.02496475262852993,0.39154255794323367,0.9380877969925432,803.0,408.0,812.0,382.0,838.0,391.0,829.0,416.0,0.81
-0.0375447479941331,0.3894576574037304,0.9021009505075503,805.0,410.0,813.0,385.0,839.0,393.0,831.0,418.0,0.8
-0.045403505202398,0.3727990515513381,0.8850378014164213,805.0,421.0,812.0,395.0,838.0,403.0,831.0,428.0,0.8
-0.050093812713119856,0.3424901730485076,0.8838404786766954,803.0,439.0,810.0,414.0,835.0,420.0,828.0,446.0,0.82
-0.07764551632834937,0.31201927957541353,0.8333770043948259,800.0,457.0,806.0,432.0,831.0,438.0,825.0,463.0,0.85
-0.07411432747936231,0.29901453259860844,0.8466656161710351,799.0,464.0,805.0,439.0,830.0,446.0,823.0,471.0,0.87
-0.09048041620302794,0.2980624548452935,0.8323705849600076,793.0,464.0,800.0,439.0,825.0,447.0,817.0,471.0,0.87
-0.1080708266253243,0.31633967572501204,0.8338640807412103,783.0,452.0,791.0,428.0,816.0,437.0,807.0,461.0,0.85
-0.09440091741663026,0.3390970061606883,0.8899460365967147,777.0,439.0,785.0,414.0,810.0,423.0,801.0,448.0,0.85
-0.10624912345077164,0.35036351940278654,0.9013256644976779,767.0,432.0,776.0,407.0,801.0,416.0,792.0,441.0,0.8
-0.16530501204454184,0.3525172277330436,0.8342396757197734,753.0,432.0,760.0,407.0,786.0,414.0,778.0,439.0,0.78
-0.15257607372423954,0.35108970355548796,0.9078969328300914,741.0,433.0,747.0,407.0,773.0,413.0,767.0,438.0,0.76
-0.18856347884513125,0.35078218502235436,0.8595968007769792,736.0,434.0,740.0,408.0,765.0,413.0,761.0,438.0,0.75
-0.19740273727225932,0.3530863155168278,0.8619375565409533,731.0,433.0,734.0,407.0,760.0,411.0,756.0,436.0,0.74
-0.20216935075543185,0.3610999761650602,0.8525856374859102,731.0,429.0,734.0,403.0,759.0,406.0,757.0,431.0,0.72
-0.1905139071993358,0.36920892804804595,0.8521519041205448,738.0,425.0,740.0,399.0,765.0,401.0,763.0,426.0,0.7
-0.2062507802253991,0.37372386624070464,0.8058447780316624,742.0,423.0,743.0,397.0,769.0,400.0,767.0,424.0,0.67
-0.19559379675326083,0.37242124729105286,0.8008696602079255,749.0,424.0,750.0,399.0,775.0,400.0,774.0,425.0,0.65
-0.18301488711274572,0.3656412449089282,0.7985180739587845,756.0,428.0,757.0,403.0,782.0,404.0,781.0,429.0,0.64
-0.1888882370410192,0.3568782427916715,0.7588238660195579,763.0,433.0,763.0,409.0,788.0,410.0,788.0,434.0,0.62
-0.188335134877739,0.34030069236981525,0.719899961868224,773.0,443.0,772.0,419.0,797.0,419.0,797.0,443.0,0.61
-0.18238834741580234,0.3322041386387686,0.7162680424513161,777.0,448.0,776.0,424.0,800.0,423.0,801.0,447.0,0.61
-0.18494300949901854,0.321844811664003,0.6775363207708818,785.0,454.0,783.0,430.0,807.0,429.0,808.0,452.0,0.57
-0.17090233652650388,0.3146324172156864,0.6847606606468633,790.0,458.0,788.0,434.0,812.0,433.0,814.0,456.0,0.54
-0.15303655886913092,0.298611939557653,0.6994767424698125,796.0,467.0,793.0,444.0,817.0,441.0,820.0,464.0,0.5
-0.14921221976255172,0.28118476791625224,0.6853326992575681,802.0,477.0,798.0,453.0,821.0,450.0,824.0,473.0,0.47
-0.176088122039045,0.2551748756199238,0.6078422095896787,805.0,489.0,801.0,466.0,824.0,463.0,827.0,485.0,0.43
-0.1756648745180046,0.2349549777452904,0.6081260557218182,805.0,499.0,801.0,477.0,824.0,473.0,827.0,495.0,0.41
-0.2003720660733619,0.2195687970892966,0.5579600204731432,804.0,505.0,800.0,483.0,822.0,480.0,825.0,502.0,0.38
-0.21795274469611037,0.21500500542778664,0.5170352526091908,804.0,506.0,800.0,485.0,822.0,481.0,825.0,503.0,0.35
-0.22796200232036423,0.2209282705776235,0.4887331098984946,805.0,502.0,801.0,482.0,823.0,478.0,826.0,499.0,0.35
-0.23394435080372034,0.23491264397939932,0.44490265073353497,811.0,495.0,807.0,475.0,828.0,471.0,832.0,491.0,0.35
-0.2231377033054296,0.252468051897403,0.3915113066568576,827.0,487.0,821.0,468.0,841.0,462.0,847.0,481.0,0.35
-0.15977889561917902,0.2700669517718658,0.32574054694625554,867.0,480.0,859.0,461.0,878.0,454.0,885.0,473.0,0.34
-0.1384059020342019,0.2663150258105431,0.2803386268645194,883.0,482.0,875.0,463.0,894.0,456.0,901.0,474.0,0.33
-0.10801227383113032,0.25237939782461694,0.29046095807215755,895.0,489.0,886.0,471.0,904.0,462.0,913.0,480.0,0.33
-0.0805721565991202,0.23588212018721827,0.30622673486453955,905.0,497.0,895.0,479.0,913.0,470.0,922.0,488.0,0.35
-0.047262148766842316,0.20699103011449638,0.3158681749703214,918.0,511.0,908.0,494.0,925.0,483.0,935.0,501.0,0.35
-0.019086702872749384,0.18572294880779808,0.34336968946564905,926.0,522.0,916.0,505.0,933.0,494.0,944.0,511.0,0.34
0.00016424405506931805,0.16255620949549376,0.37259551939851354,931.0,534.0,920.0,517.0,937.0,505.0,948.0,523.0,0.34
-0.007017674711768285,0.14537696086305332,0.36229340569081403,928.0,541.0,918.0,524.0,936.0,513.0,946.0,531.0,0.33
-0.016482457405808892,0.13991195609588258,0.34274159005162375,927.0,543.0,917.0,525.0,934.0,515.0,944.0,533.0,0.33
-0.054313242777336956,0.13130219546667787,0.28821521685989504,917.0,544.0,908.0,526.0,926.0,517.0,935.0,535.0,0.32
-0.34041097322113845,0.42766384146948533,0.2770763028585712,806.0,409.0,792.0,394.0,807.0,381.0,820.0,396.0,0.33
-0.33139181750212376,0.4261710788771198,0.31956249496121236,802.0,409.0,788.0,393.0,803.0,381.0,816.0,396.0,0.33
-0.3596833642441446,0.4273902847843608,0.27532787266964087,799.0,409.0,785.0,395.0,798.0,381.0,813.0,395.0,0.32
-0.3631310491674036,0.4238351357992333,0.2881195867854047,794.0,410.0,781.0,395.0,796.0,382.0,809.0,398.0,0.31
-0.3726964307619731,0.419888218242076,0.28453671651061896,791.0,412.0,778.0,397.0,792.0,384.0,806.0,399.0,0.31
-0.394900412866652,0.40577845544298047,0.2867246654775424,783.0,418.0,768.0,404.0,782.0,390.0,796.0,404.0,0.31
-0.43357271944786335,0.35632729765538673,0.33636132044100053,758.0,439.0,743.0,426.0,755.0,411.0,771.0,423.0,0.32
-0.4538496761972117,0.338579929195567,0.3531243307284617,748.0,446.0,731.0,435.0,742.0,418.0,759.0,430.0,0.33
-0.465034949656723,0.32317966214459837,0.3881389322693036,737.0,452.0,719.0,443.0,729.0,425.0,747.0,435.0,0.34
-0.5080373465423789,0.2960950837509846,0.3570101838155151,726.0,464.0,708.0,454.0,718.0,437.0,736.0,447.0,0.35
-0.4724241865347072,0.29135499173180135,0.4335927016546397,724.0,467.0,706.0,457.0,716.0,439.0,734.0,449.0,0.35
-0.5035472568008243,0.262844108395968,0.40642113676336455,718.0,479.0,699.0,470.0,708.0,452.0,727.0,461.0,0.36
-0.47129829316251937,0.24228263670031513,0.49461856351141353,711.0,490.0,693.0,481.0,702.0,462.0,720.0,471.0,0.36
-0.48447099699671936,0.22255292389875617,0.4938569177136687,706.0,499.0,687.0,490.0,696.0,471.0,715.0,480.0,0.37
-0.5260899954421785,0.17973716630304212,0.45913408663957433,697.0,517.0,678.0,509.0,686.0,490.0,705.0,498.0,0.38
-0.541187672981142,-0.04789863575332104,0.4602713849725073,688.0,620.0,670.0,611.0,681.0,593.0,698.0,602.0,0.38
-0.5059989897862345,-0.08155782396606953,0.4795182343921174,698.0,638.0,680.0,628.0,690.0,610.0,709.0,620.0,0.39
-0.45221425576563123,-0.07016004593029085,0.5668385589135085,700.0,641.0,682.0,631.0,693.0,612.0,711.0,622.0,0.39
-0.46298626611672145,-0.11147407932190873,0.4899456311510044,714.0,654.0,695.0,644.0,706.0,626.0,724.0,635.0,0.38
-0.32628136510910966,-0.20644387880411402,0.4187620786642725,787.0,695.0,768.0,687.0,777.0,668.0,795.0,676.0,0.39
-0.2717737944498504,-0.1917913751302734,0.4996093012893552,794.0,698.0,775.0,690.0,785.0,670.0,803.0,679.0,0.39
-0.2631640207474534,-0.19957846149898845,0.4791106481440526,802.0,700.0,783.0,692.0,792.0,672.0,811.0,681.0,0.4
-0.2223711264093815,-0.19255812213571216,0.5152339424734844,813.0,702.0,794.0,694.0,803.0,674.0,822.0,682.0,0.4
-0.20905339447447813,-0.20747095105870578,0.4247142726037336,836.0,700.0,817.0,693.0,825.0,673.0,844.0,681.0,0.42
-0.1485170303540314,-0.18974370405975322,0.466372275272696,855.0,698.0,836.0,691.0,844.0,671.0,864.0,679.0,0.42
-0.10784798230158943,-0.18122587867134704,0.48948271732959325,870.0,698.0,850.0,691.0,858.0,671.0,878.0,678.0,0.46
-0.09926311196723236,-0.17863521994796622,0.5064160449710919,871.0,699.0,851.0,692.0,859.0,671.0,879.0,679.0,0.46
-0.09940049880692059,-0.18723710498279883,0.5055493172188203,871.0,703.0,851.0,696.0,859.0,675.0,879.0,683.0,0.49
-0.0781415596949897,-0.17538305903093976,0.566560960933852,870.0,705.0,850.0,697.0,859.0,676.0,878.0,684.0,0.5
-0.08733687919517552,-0.19256445733232247,0.5399735994757,870.0,710.0,850.0,702.0,859.0,681.0,879.0,690.0,0.51
-0.09742797438545703,-0.20260118445847358,0.5570218314468272,861.0,717.0,842.0,707.0,852.0,687.0,872.0,697.0,0.51
-0.10250879049605466,-0.2070927191845084,0.5574274401565136,859.0,719.0,839.0,709.0,850.0,689.0,869.0,699.0,0.51
-0.10761654768329021,-0.2128187188842004,0.5865095215420539,850.0,725.0,831.0,714.0,843.0,694.0,862.0,706.0,0.51
-0.13872689319432985,-0.23766414765186644,0.5879358782792594,835.0,736.0,816.0,725.0,828.0,705.0,847.0,717.0,0.51
-0.17910850518136545,-0.2873949416616271,0.6281986735898331,807.0,763.0,788.0,751.0,802.0,733.0,820.0,746.0,0.5
-0.2697321790881424,-0.338754275495793,0.6234113313369161,765.0,784.0,747.0,771.0,761.0,753.0,779.0,766.0,0.5
-0.2911940291639151,-0.3510044443124934,0.588957100387113,763.0,784.0,745.0,772.0,759.0,753.0,776.0,766.0,0.51
-0.2992584195932182,-0.3403079256353629,0.6279835169256165,751.0,784.0,732.0,771.0,747.0,753.0,764.0,766.0,0.5
-0.32244929166765224,-0.3507261302651142,0.5935576099451705,748.0,783.0,730.0,771.0,744.0,752.0,761.0,765.0,0.5
-0.3120928878636442,-0.3379156759700305,0.626705620398976,745.0,782.0,727.0,769.0,741.0,751.0,759.0,764.0,0.51
-0.4163323760049653,-0.30089730653346597,0.6818896961024952,684.0,766.0,666.0,753.0,681.0,735.0,699.0,749.0,0.51
-0.4248652060572966,-0.2914017396162594,0.703372691512975,675.0,764.0,656.0,750.0,672.0,733.0,689.0,747.0,0.51
-0.4257261642384751,-0.2892228952554579,0.7067588575625408,674.0,763.0,655.0,750.0,670.0,732.0,688.0,746.0,0.51
-0.46097659130235247,-0.30528512771393895,0.653767810289392,671.0,763.0,653.0,749.0,669.0,731.0,686.0,746.0,0.52
-0.4446567693354615,-0.2937427976563352,0.6903312074560197,668.0,763.0,651.0,748.0,667.0,731.0,684.0,746.0,0.52
-0.4564361732420048,-0.28960623628314747,0.6946563980990748,662.0,761.0,644.0,746.0,661.0,729.0,677.0,744.0,0.52
-0.6117473878198021,-0.1434791571248482,1.0998562361019237,446.0,730.0,428.0,710.0,449.0,692.0,467.0,713.0,0.68
-0.5757918351096964,-0.13021981424626233,1.1458818788118292,445.0,731.0,426.0,710.0,447.0,692.0,465.0,713.0,0.92
-0.6130197141828984,-0.14449586675036286,1.105317454500261,444.0,731.0,424.0,712.0,446.0,693.0,464.0,714.0,0.93
-0.5890713203392326,-0.13945654371232025,1.136323651561793,443.0,734.0,423.0,715.0,444.0,695.0,463.0,716.0,0.95
-0.5965146471809986,-0.15442747024559206,1.1283960175320702,444.0,742.0,423.0,724.0,442.0,703.0,463.0,721.0,0.96
-0.3755866302344064,-0.3234674217992201,1.1331352643008235,566.0,859.0,539.0,848.0,553.0,821.0,579.0,832.0,0.96
-0.3715604765716778,-0.3257382132665773,1.1285289743663633,570.0,859.0,543.0,848.0,557.0,822.0,583.0,834.0,0.95
-0.3789609788645114,-0.3355516070032976,1.1076380276863649,574.0,860.0,547.0,850.0,561.0,823.0,587.0,834.0,0.95
-0.16915511325300625,-0.4582617526049941,1.0254428670357592,720.0,928.0,693.0,925.0,698.0,896.0,726.0,900.0,0.89
-0.1638390617910519,-0.45951571122050167,1.0217370518799824,724.0,928.0,697.0,925.0,702.0,897.0,730.0,900.0,0.88
-0.1532392988850717,-0.46120545372179395,1.01506677351296,732.0,928.0,705.0,926.0,710.0,897.0,737.0,900.0,0.89
-0.13780857930352175,-0.45217588799860925,1.0299923006498275,737.0,927.0,709.0,926.0,714.0,897.0,741.0,899.0,0.9
-0.12920342064216261,-0.4583497566431129,1.0099786015939476,747.0,927.0,720.0,925.0,724.0,896.0,752.0,899.0,0.9
-0.09066655775212118,-0.44719144843352693,1.0254642736761097,764.0,928.0,737.0,925.0,742.0,896.0,769.0,899.0,0.9
0.007828868823963941,-0.4931306762138889,0.9576976930734955,838.0,945.0,810.0,944.0,812.0,915.0,840.0,917.0,0.9
0.05717265415457684,-0.47247183664535125,0.9996625359818327,856.0,948.0,829.0,947.0,831.0,918.0,858.0,918.0,0.9
0.0731159830797733,-0.4648742298136624,1.0084118439449552,864.0,946.0,836.0,947.0,838.0,917.0,865.0,917.0,0.89
0.08472460337445165,-0.4539889319259785,1.0270486904262977,866.0,946.0,839.0,946.0,841.0,916.0,868.0,916.0,0.89
0.09797016665583147,-0.45098129802319437,1.0115970670951635,877.0,941.0,850.0,941.0,852.0,911.0,880.0,912.0,0.9
0.0932316055528638,-0.4509848366107629,0.9902428365106162,879.0,936.0,851.0,934.0,855.0,905.0,882.0,907.0,0.89
0.09153845134193506,-0.44947861725430954,0.990414437066589,878.0,935.0,850.0,933.0,854.0,904.0,881.0,906.0,0.89
0.09076518551974977,-0.43557589808262526,1.0093158844623018,873.0,932.0,845.0,929.0,850.0,899.0,877.0,903.0,0.88
0.08330786838174442,-0.4264166040153244,1.0180804237237946,866.0,928.0,839.0,925.0,844.0,895.0,871.0,899.0,0.87
0.07580403920948942,-0.41629328020172846,1.021233821053293,861.0,922.0,834.0,919.0,839.0,889.0,866.0,893.0,0.87
0.06466247250401991,-0.4218567556142298,0.9905359056160183,861.0,917.0,834.0,913.0,840.0,884.0,867.0,889.0,0.87
0.05849345161416819,-0.41140818527533124,0.9755584327530238,861.0,907.0,834.0,902.0,840.0,874.0,867.0,879.0,0.87
0.038113828953493356,-0.42175137931769807,0.9457344022564205,855.0,905.0,829.0,899.0,836.0,871.0,862.0,878.0,0.87
0.03196169615703981,-0.4124586567861028,0.9509819988570758,850.0,900.0,824.0,894.0,832.0,866.0,858.0,874.0,0.88
0.02447837624151694,-0.39004137080460205,0.9644517274075965,841.0,890.0,816.0,880.0,827.0,855.0,852.0,866.0,0.88
-0.00042498760208686814,-0.36473658800140757,0.9498150476172278,829.0,871.0,805.0,859.0,819.0,834.0,842.0,848.0,0.87
-0.01806705844744383,-0.3465885893778709,0.9451244034526296,818.0,859.0,796.0,844.0,813.0,821.0,834.0,837.0,0.88
-0.02709942789173292,-0.3338523117296281,0.9425654667015528,812.0,851.0,792.0,834.0,810.0,812.0,830.0,830.0,0.89
-0.020614089007389147,-0.30414344334960913,0.9339431814237151,816.0,832.0,798.0,813.0,818.0,794.0,836.0,814.0,0.9
0.010959834174137928,-0.2588704377028907,0.954529785520787,828.0,812.0,811.0,791.0,833.0,773.0,849.0,794.0,0.91
0.030514599324419023,-0.2147228047528394,0.9735907488581559,833.0,790.0,819.0,767.0,842.0,751.0,856.0,775.0,0.92
0.032199494820731256,-0.1908032666601242,0.9439218782597991,840.0,770.0,827.0,747.0,851.0,733.0,864.0,757.0,0.92
0.06976494939493305,-0.14513804640657518,0.9998288304497669,849.0,754.0,836.0,730.0,861.0,716.0,874.0,740.0,0.93
0.07819576661047689,-0.13046444158888554,0.9916280771845531,856.0,744.0,843.0,720.0,868.0,706.0,881.0,731.0,0.94
0.07739511786977293,-0.11483136169391656,0.9397985870347487,866.0,727.0,855.0,702.0,880.0,690.0,891.0,715.0,0.94
0.1802452115134573,0.009477640373134533,0.9203301985270858,930.0,654.0,921.0,628.0,946.0,619.0,955.0,645.0,0.93
0.2192201284793353,0.03678507396230746,0.97426475399506,943.0,644.0,934.0,618.0,961.0,609.0,970.0,635.0,0.93
0.21883941577992372,0.027441692813832186,0.9447658715797462,948.0,647.0,939.0,621.0,966.0,612.0,974.0,638.0,0.91
0.22722540109737055,0.030736647913288284,0.9729342731326387,948.0,648.0,939.0,622.0,966.0,613.0,975.0,639.0,0.92
0.2259634203629241,0.02734404601716417,0.9694849742216638,948.0,650.0,939.0,624.0,966.0,614.0,974.0,641.0,0.91
0.21315832337621637,0.023886849716763303,0.9393145798449145,945.0,648.0,937.0,622.0,963.0,614.0,972.0,640.0,0.91
0.20258343863050993,0.03995944360006082,0.9262916339978093,940.0,636.0,934.0,609.0,961.0,603.0,967.0,630.0,0.9
0.18396968031988836,0.2795930243400186,0.8406144380992551,944.0,483.0,945.0,457.0,972.0,459.0,970.0,485.0,0.88
0.1669929836787708,0.28492034410105954,0.7975474623143859,942.0,479.0,943.0,453.0,969.0,456.0,967.0,481.0,0.88
0.16577679308415394,0.29099983498711446,0.807756650784976,939.0,475.0,941.0,450.0,967.0,452.0,965.0,478.0,0.88
0.14184779715852391,0.38238591258543003,0.8735132504252434,915.0,420.0,919.0,393.0,944.0,397.0,940.0,424.0,0.87
0.11035788376963318,0.4170343717743602,0.8346815079640271,904.0,399.0,909.0,372.0,935.0,379.0,928.0,404.0,0.87
0.1027983500286812,0.4228222554413431,0.8272679613366438,901.0,395.0,906.0,369.0,932.0,376.0,926.0,401.0,0.87
0.10127852884415,0.4270967080785437,0.8391217149084182,897.0,391.0,904.0,366.0,930.0,374.0,922.0,398.0,0.88
0.09011964305506237,0.43240568043467664,0.8207792262437119,895.0,389.0,901.0,363.0,927.0,371.0,919.0,396.0,0.88
0.06544684916365884,0.45190537355014826,0.8223277424309077,880.0,375.0,889.0,351.0,914.0,361.0,904.0,385.0,0.88
0.04615497486568798,0.47289549330426317,0.8427415417747757,865.0,361.0,876.0,336.0,900.0,349.0,888.0,372.0,0.91
0.03284217751555629,0.4889770677730031,0.8622427473844991,853.0,349.0,866.0,325.0,889.0,339.0,876.0,362.0,0.92
-0.18483365971327892,0.5234191390460067,0.9023787930774165,723.0,319.0,742.0,301.0,761.0,321.0,741.0,339.0,0.91
-0.17169518976937637,0.5256842479168282,0.9319599540165917,722.0,315.0,741.0,297.0,760.0,318.0,740.0,336.0,0.9
-0.16742890982309466,0.5291317176169692,0.940406998009244,722.0,312.0,741.0,294.0,760.0,316.0,740.0,333.0,0.9
-0.16662833023394108,0.534256069995732,0.9384792232951336,723.0,309.0,742.0,291.0,761.0,313.0,741.0,330.0,0.9
-0.19050925436269062,0.5444849577086219,0.8867816067747856,724.0,307.0,744.0,289.0,762.0,311.0,742.0,327.0,0.89
-0.16632147509724338,0.5549599607440422,0.905732731795013,732.0,298.0,753.0,282.0,770.0,303.0,749.0,320.0,0.88
-0.006443388956765439,0.6246918679700617,0.8488265820443728,835.0,259.0,856.0,244.0,872.0,267.0,850.0,282.0,0.87
0.002602676583353336,0.616407326159383,0.8249454648002539,845.0,268.0,865.0,251.0,882.0,273.0,861.0,289.0,0.85
-0.007098094295874935,0.6206507717658966,0.7824716932519837,849.0,269.0,869.0,253.0,885.0,275.0,864.0,290.0,0.85
0.1572614762138589,0.5667106416161072,0.7460147234851588,944.0,304.0,964.0,288.0,980.0,307.0,960.0,323.0,0.85
0.163421823757805,0.5677721492355148,0.7338270303953767,949.0,304.0,969.0,288.0,985.0,307.0,966.0,324.0,0.85
0.15744725465667575,0.5731877459285826,0.6839326562228816,954.0,305.0,973.0,288.0,989.0,308.0,970.0,324.0,0.84
0.18444329802766568,0.5674095098973593,0.7323414054204758,961.0,304.0,981.0,288.0,997.0,308.0,977.0,324.0,0.82
0.2063119690966212,0.5664658486072794,0.734471404482623,973.0,304.0,993.0,288.0,1009.0,309.0,988.0,324.0,0.82
0.24450862302993404,0.550176013968348,0.7399214993484933,993.0,313.0,1014.0,297.0,1029.0,318.0,1008.0,333.0,0.81
0.2538630611776702,0.5306478457262486,0.7313861520678542,999.0,325.0,1019.0,309.0,1035.0,329.0,1015.0,346.0,0.81
0.24418936370522137,0.5320983748786757,0.6856294619499501,1000.0,327.0,1020.0,311.0,1035.0,332.0,1015.0,347.0,0.81
0.25743290667770624,0.5132127808628204,0.6808419347028294,1008.0,339.0,1026.0,322.0,1043.0,342.0,1023.0,358.0,0.82
0.27813223599204484,0.5049996196812211,0.6514907319648289,1022.0,345.0,1041.0,329.0,1057.0,348.0,1038.0,364.0,0.84
0.4773791919931479,0.4462306419433859,0.6849034974652157,1129.0,375.0,1151.0,361.0,1164.0,383.0,1143.0,397.0,0.84
0.4974807858581829,0.4006060460755961,0.6560477868322281,1141.0,404.0,1162.0,388.0,1177.0,409.0,1156.0,424.0,0.85
0.4988004959716177,0.39244059019795935,0.6531860016768172,1142.0,409.0,1162.0,393.0,1178.0,413.0,1157.0,429.0,0.85
0.5091016947537224,0.37018732661766884,0.7186642113135255,1144.0,421.0,1163.0,404.0,1179.0,425.0,1160.0,441.0,0.84
0.5142994119854276,0.33340906808213405,0.7065940750902739,1146.0,444.0,1165.0,426.0,1182.0,445.0,1164.0,463.0,0.83
0.5352039515157594,0.30825939914590306,0.731393111167413,1156.0,459.0,1175.0,441.0,1194.0,460.0,1174.0,478.0,0.83
0.5550036988070047,0.31859420966849183,0.6996142812810187,1170.0,452.0,1189.0,436.0,1207.0,455.0,1187.0,472.0,0.83
0.5627667487249381,0.32588874674123736,0.74135065313344,1173.0,447.0,1193.0,431.0,1209.0,452.0,1190.0,468.0,0.84
0.5668237537911975,0.3543881801657758,0.6680307432020027,1180.0,430.0,1201.0,415.0,1215.0,437.0,1194.0,451.0,0.86
0.5712373878077777,0.3854981970884154,0.6579515488853096,1184.0,410.0,1207.0,398.0,1219.0,421.0,1195.0,433.0,0.86
0.5617076294843133,0.38367785515831276,0.709571921193705,1176.0,409.0,1200.0,398.0,1211.0,422.0,1187.0,433.0,0.86
0.43225759677840614,0.28102638198904006,0.7527191270447642,1094.0,468.0,1117.0,457.0,1129.0,480.0,1107.0,491.0,0.86
0.3783549028617419,0.28363430921396876,0.6980164806687317,1068.0,465.0,1092.0,454.0,1103.0,477.0,1080.0,488.0,0.86
0.3633234615487112,0.3063085055239191,0.7589935870928204,1055.0,451.0,1078.0,441.0,1089.0,465.0,1065.0,475.0,0.85
0.36138055493023524,0.3126891069499126,0.764006213476804,1054.0,447.0,1077.0,437.0,1087.0,462.0,1063.0,471.0,0.84
0.38238453198347067,0.3981372624767653,0.7788200539685963,1068.0,393.0,1094.0,388.0,1097.0,415.0,1072.0,419.0,0.84
0.3936370999664881,0.42773523574144345,0.6990999233687138,1083.0,378.0,1109.0,374.0,1111.0,400.0,1086.0,403.0,0.83
0.42276873269497195,0.4447403898903427,0.7151262488324248,1099.0,367.0,1125.0,364.0,1127.0,390.0,1101.0,393.0,0.79
0.4292402706707088,0.4460222332657072,0.7339244296497469,1101.0,365.0,1128.0,363.0,1129.0,389.0,1103.0,391.0,0.76
0.4277000529239635,0.45034010483950293,0.7085917090872398,1103.0,364.0,1129.0,361.0,1130.0,388.0,1104.0,389.0,0.76
0.4339454649478643,0.45620983099557955,0.6986815395655803,1108.0,360.0,1134.0,359.0,1134.0,385.0,1108.0,386.0,0.66
0.4221336010005903,0.46337925632109644,0.681370287150725,1103.0,356.0,1129.0,356.0,1128.0,382.0,1103.0,382.0,0.59
0.3882746639318668,0.4785450463674712,0.5775661797596192,1094.0,352.0,1119.0,353.0,1117.0,378.0,1092.0,376.0,0.5
0.3793259987184135,0.4751768808860456,0.573226618854004,1090.0,354.0,1114.0,355.0,1112.0,380.0,1088.0,378.0,0.5
0.3686061877500306,0.4702086953439426,0.5264697703893915,1089.0,359.0,1112.0,360.0,1109.0,384.0,1086.0,382.0,0.37
0.3505015887494249,0.4545018339453847,0.4333878967850482,1087.0,370.0,1110.0,373.0,1106.0,395.0,1084.0,392.0,0.3
0.34108871783104205,0.43635946728841296,0.37515975253612055,1088.0,381.0,1109.0,384.0,1105.0,406.0,1083.0,402.0,0.25
0.3273217311461448,0.4276584474193046,0.29825929603851353,1088.0,387.0,1108.0,391.0,1103.0,412.0,1082.0,407.0,0.23
0.3091496689794941,0.42660103251181003,0.2239753755312348,1086.0,389.0,1105.0,394.0,1099.0,414.0,1079.0,408.0,0.18
0.2943897004907071,0.42337550087808606,0.19366112812359315,1082.0,391.0,1100.0,396.0,1094.0,416.0,1075.0,410.0,0.14
0.2719502098122121,0.4234471121929102,0.09155113044807273,1079.0,393.0,1098.0,399.0,1091.0,417.0,1073.0,411.0,0.13
0.26136205997960776,0.41699821332530274,0.07935039065033944,1076.0,396.0,1094.0,402.0,1087.0,420.0,1069.0,414.0,0.12
0.23592054437144006,0.4163700551907802,-0.020774984749626135,1073.0,398.0,1090.0,404.0,1083.0,422.0,1066.0,415.0,0.11
0.24633540384273,0.40924400265305294,0.048491414380232634,1072.0,400.0,1090.0,406.0,1082.0,424.0,1065.0,417.0,0.1
0.23647209996063112,0.4091303880434023,-0.019069507859359902,1073.0,401.0,1090.0,407.0,1083.0,425.0,1066.0,418.0,0.1
0.2435841062875117,0.39545673741335363,0.0017901020638873,1074.0,407.0,1091.0,412.0,1085.0,430.0,1067.0,424.0,0.1
0.23778004453360568,0.3901020433937715,-0.06576424286633342,1076.0,410.0,1093.0,415.0,1087.0,433.0,1070.0,427.0,0.11
0.24244401720223274,0.3902356824442544,-0.06745562267371685,1078.0,410.0,1095.0,415.0,1089.0,433.0,1072.0,427.0,0.12
0.2567124991624726,0.38787658468134134,0.0023698904049855862,1079.0,410.0,1096.0,415.0,1090.0,433.0,1073.0,428.0,0.12
0.25238121624931065,0.38423193654684307,0.005036528774193805,1076.0,412.0,1094.0,416.0,1089.0,434.0,1071.0,430.0,0.13
0.25876460699811843,0.37424019259507446,0.07943138569030328,1073.0,415.0,1091.0,419.0,1086.0,438.0,1069.0,434.0,0.13
0.2532182290383815,0.3590231568528581,0.0808649227924807,1070.0,422.0,1088.0,425.0,1084.0,444.0,1066.0,441.0,0.13
0.24593271817308504,0.3429780077895772,0.05608852043334922,1068.0,429.0,1086.0,432.0,1083.0,451.0,1065.0,448.0,0.13
0.24271994649530448,0.315889387818327,0.07284610257046431,1065.0,441.0,1083.0,443.0,1080.0,462.0,1062.0,460.0,0.13
0.24015451723796116,0.25907534686088485,0.10027551121809708,1059.0,467.0,1078.0,466.0,1078.0,485.0,1059.0,486.0,0.12
0.25358049847904446,0.2043073540142682,0.12609085074138804,1062.0,491.0,1080.0,490.0,1081.0,510.0,1063.0,510.0,0.12
0.23782793197163155,0.1790875613594006,-0.005166163504576549,1064.0,500.0,1083.0,498.0,1084.0,517.0,1066.0,518.0,0.12
0.25023674547740327,0.17827286619752608,0.0548447912868677,1065.0,501.0,1084.0,500.0,1085.0,519.0,1066.0,520.0,0.11
0.2503524125070809,0.1600989913611332,-0.007208111649897209,1069.0,508.0,1088.0,506.0,1089.0,525.0,1071.0,526.0,0.11
0.26350111342937954,0.16208189227657588,0.052082773032808394,1071.0,508.0,1089.0,507.0,1090.0,526.0,1072.0,527.0,0.11
0.2653067540721905,0.15880377902936127,-0.020310355813830228,1077.0,508.0,1095.0,507.0,1096.0,526.0,1077.0,526.0,0.12
0.2919300348419027,0.1646568738663203,0.05566738288430173,1083.0,507.0,1101.0,507.0,1102.0,526.0,1083.0,526.0,0.12
0.30091481042385165,0.15651947775370476,0.051335867645050826,1087.0,511.0,1105.0,510.0,1106.0,529.0,1087.0,530.0,0.11
0.3078081851798563,0.1420341156540007,0.041917396703717635,1090.0,517.0,1108.0,516.0,1109.0,535.0,1091.0,536.0,0.11
0.31492701206621065,0.12428012312622333,0.03788963379751431,1093.0,524.0,1112.0,524.0,1112.0,543.0,1093.0,543.0,0.11
0.3286070493353208,0.05741849082271411,0.05375935891256267,1097.0,553.0,1116.0,553.0,1115.0,572.0,1097.0,572.0,0.12
0.3273851007579347,0.038707514694431566,0.045048123787318595,1096.0,561.0,1115.0,560.0,1116.0,579.0,1097.0,580.0,0.12
0.3308601394098368,0.027629096350585414,0.03360700727133015,1098.0,565.0,1117.0,565.0,1118.0,583.0,1099.0,584.0,0.14
0.3331540697318487,0.025471171804446524,0.040667459397851324,1099.0,566.0,1118.0,566.0,1118.0,585.0,1099.0,585.0,0.13
0.33561330525325495,0.027106199705847156,0.05454356336572763,1100.0,566.0,1118.0,566.0,1118.0,585.0,1099.0,585.0,0.14
0.3412167993333294,0.004309935822753408,0.03361547275697152,1103.0,574.0,1122.0,576.0,1121.0,594.0,1102.0,593.0,0.15
0.3716256090721053,-0.18387773046196537,0.059344070727000986,1112.0,655.0,1131.0,657.0,1129.0,676.0,1110.0,674.0,0.14
0.3695598663888111,-0.1886462943166814,0.06022368614934104,1111.0,657.0,1130.0,659.0,1128.0,678.0,1109.0,676.0,0.14
0.3723156805522384,-0.18299060701487707,0.11708775265327942,1109.0,659.0,1128.0,661.0,1126.0,681.0,1107.0,678.0,0.14
0.36316007707955383,-0.19824439079073058,0.06261107042921177,1108.0,661.0,1127.0,663.0,1125.0,682.0,1106.0,680.0,0.15
0.3695665243862089,-0.1901023064241089,0.12379109901385288,1108.0,662.0,1126.0,665.0,1124.0,684.0,1105.0,682.0,0.15
0.3602750726235303,-0.224045830363156,0.07761072490639931,1105.0,673.0,1124.0,675.0,1123.0,694.0,1104.0,692.0,0.15
0.36393907887294547,-0.23479464166494685,0.10176370561076542,1105.0,680.0,1124.0,681.0,1123.0,701.0,1104.0,699.0,0.16
0.36055643308808627,-0.2551738905411887,0.10947371530706063,1103.0,689.0,1122.0,691.0,1121.0,710.0,1101.0,708.0,0.16
0.3687650290460818,-0.26678575047084213,0.16445071068126582,1103.0,699.0,1122.0,701.0,1121.0,721.0,1101.0,719.0,0.17
0.3700345576589448,-0.2967108634252366,0.14221104299255227,1104.0,710.0,1124.0,712.0,1122.0,732.0,1103.0,729.0,0.18
0.37327793014008204,-0.3147917567126622,0.1527001661567713,1105.0,718.0,1125.0,722.0,1122.0,741.0,1103.0,738.0,0.17
0.363597447427304,-0.3381238660016142,0.12311105788507604,1103.0,725.0,1122.0,728.0,1119.0,748.0,1100.0,744.0,0.17
0.37576848075951064,-0.33449533351023847,0.21693709962179586,1103.0,733.0,1122.0,738.0,1118.0,758.0,1099.0,753.0,0.18
0.37106551346374506,-0.3672069498546768,0.14380140354879956,1105.0,739.0,1124.0,744.0,1120.0,763.0,1101.0,759.0,0.18
0.38568147623811366,-0.35681832326055124,0.2144566001025372,1108.0,743.0,1126.0,748.0,1122.0,768.0,1103.0,763.0,0.16
0.3894041769020665,-0.36909254764450466,0.23429507554586504,1107.0,751.0,1126.0,756.0,1123.0,776.0,1104.0,771.0,0.15
0.3849046545996989,-0.3987624822089257,0.20655380158690573,1106.0,761.0,1125.0,765.0,1123.0,785.0,1103.0,781.0,0.15
0.3831839509731217,-0.40464239705201693,0.22849701600080685,1104.0,766.0,1123.0,770.0,1120.0,790.0,1101.0,787.0,0.16
0.36579131449395397,-0.43409068438781445,0.1785145421779042,1099.0,772.0,1118.0,776.0,1115.0,796.0,1096.0,792.0,0.17
0.36951477095509766,-0.4354996340610859,0.20754041242678145,1100.0,776.0,1118.0,781.0,1114.0,801.0,1095.0,796.0,0.19
0.372570999951177,-0.44063401254182005,0.2310447683480854,1100.0,781.0,1118.0,787.0,1113.0,807.0,1095.0,801.0,0.17
0.36800871313453376,-0.449257720886208,0.18308233367945714,1102.0,778.0,1120.0,786.0,1113.0,805.0,1095.0,796.0,0.17
0.39567646448635047,-0.4325975224277531,0.15671819242981622,1118.0,768.0,1135.0,779.0,1125.0,796.0,1108.0,785.0,0.16
0.4042324743309086,-0.4478288508263319,0.1354352442217519,1123.0,772.0,1140.0,784.0,1129.0,800.0,1113.0,789.0,0.16
0.4116039295654713,-0.4499718533280485,0.11536038850874286,1128.0,771.0,1144.0,783.0,1133.0,799.0,1117.0,787.0,0.15
0.4102679814811418,-0.4381375008704372,0.12634178919136563,1128.0,767.0,1143.0,780.0,1131.0,795.0,1116.0,783.0,0.14
0.4026869977611382,-0.45205742012142175,0.08102950196089376,1127.0,767.0,1142.0,780.0,1130.0,796.0,1115.0,782.0,0.14
0.41954163316786297,-0.42380720406070754,0.19193103564377978,1129.0,769.0,1144.0,783.0,1131.0,798.0,1117.0,785.0,0.14
0.40704008927208946,-0.4614883464540372,0.09399298147600366,1130.0,773.0,1143.0,788.0,1129.0,801.0,1116.0,786.0,0.15
0.4025348650228059,-0.45324026365960407,0.11562813845634867,1128.0,772.0,1140.0,788.0,1125.0,800.0,1113.0,784.0,0.14
0.38096155750377914,-0.46945802156022837,0.08885900609394115,1120.0,775.0,1132.0,790.0,1117.0,802.0,1105.0,787.0,0.13
0.37097302587379505,-0.47363384016979065,0.10449903045092457,1115.0,778.0,1127.0,794.0,1111.0,805.0,1100.0,790.0,0.14
0.38957676628867277,-0.4663117631469453,0.15333685970795896,1121.0,782.0,1132.0,798.0,1116.0,809.0,1105.0,794.0,0.13
0.387861699529135,-0.47549748116073104,0.11755696996572329,1121.0,781.0,1133.0,797.0,1118.0,809.0,1107.0,793.0,0.13
0.4025445666911757,-0.4589756912327367,0.14975981612223288,1127.0,779.0,1138.0,795.0,1122.0,806.0,1111.0,791.0,0.12
0.3963911907885691,-0.48165455819137043,0.07414313306715403,1128.0,779.0,1139.0,795.0,1123.0,806.0,1113.0,790.0,0.12
0.40708955582966294,-0.5023130062879804,0.07341443934128522,1133.0,788.0,1143.0,805.0,1127.0,815.0,1117.0,798.0,0.14
0.45205866473004136,-0.557213415055746,0.1604991325438201,1147.0,825.0,1158.0,843.0,1141.0,853.0,1131.0,835.0,0.13
0.441603630149258,-0.5644900190012805,0.12062501803467596,1145.0,822.0,1155.0,840.0,1138.0,849.0,1128.0,832.0,0.12
0.4298446741901553,-0.5519013730561397,0.12722175992402462,1139.0,817.0,1150.0,835.0,1133.0,844.0,1123.0,827.0,0.12
0.42837386789894216,-0.5438225563631163,0.15020230542092516,1138.0,817.0,1148.0,834.0,1131.0,844.0,1121.0,827.0,0.13
0.4239765086054647,-0.5439401910344959,0.15141562712817302,1136.0,817.0,1146.0,834.0,1129.0,844.0,1119.0,827.0,0.14
0.3990549021124936,-0.5641055776521529,0.09457650445409449,1127.0,816.0,1138.0,833.0,1122.0,843.0,1111.0,827.0,0.14
0.383723113052374,-0.5639728637658414,0.10210659071376593,1119.0,816.0,1131.0,832.0,1116.0,844.0,1104.0,828.0,0.14
0.3723835187008514,-0.564503937248505,0.1045427802290968,1114.0,816.0,1126.0,832.0,1111.0,844.0,1099.0,828.0,0.14
0.33409755756673587,-0.5903810822184372,0.09470793598011573,1097.0,823.0,1110.0,839.0,1096.0,851.0,1083.0,837.0,0.15
0.3323918743320461,-0.579590877238507,0.1233737700042723,1095.0,823.0,1107.0,839.0,1093.0,851.0,1081.0,835.0,0.15
0.3167347215942077,-0.5732776294717246,0.14738861188323193,1085.0,823.0,1099.0,837.0,1087.0,851.0,1072.0,837.0,0.16
0.2865452416051189,-0.5815938045651878,0.133796203195371,1073.0,823.0,1087.0,836.0,1075.0,851.0,1060.0,838.0,0.16
0.28257999580524795,-0.5762937665803496,0.15224962728014768,1069.0,824.0,1084.0,836.0,1073.0,851.0,1057.0,838.0,0.16
0.25228527594078726,-0.5863519481960522,0.14570767449704292,1056.0,825.0,1071.0,837.0,1061.0,853.0,1045.0,841.0,0.16
0.20044718702578346,-0.6094154486597347,0.10718348637815778,1036.0,827.0,1052.0,837.0,1043.0,854.0,1027.0,844.0,0.2
0.16721131808287193,-0.605307513305503,0.13081584234048593,1020.0,827.0,1037.0,837.0,1027.0,854.0,1011.0,844.0,0.23
0.13505270253783963,-0.5910052062193174,0.18359572096530208,1001.0,827.0,1018.0,836.0,1010.0,854.0,993.0,845.0,0.24
0.10999549221483462,-0.5828422147712786,0.21773812252815183,987.0,827.0,1004.0,836.0,996.0,854.0,979.0,846.0,0.25
0.09816073159389482,-0.5587088016061759,0.2986277046701482,973.0,828.0,990.0,836.0,983.0,855.0,965.0,848.0,0.25
0.07376879424021054,-0.5685936085018293,0.32263673961875305,958.0,835.0,977.0,842.0,970.0,862.0,952.0,855.0,0.22
0.06634244768401876,-0.573361128100665,0.36400227606293756,950.0,843.0,968.0,850.0,962.0,870.0,943.0,864.0,0.2
0.05149362952723613,-0.6012046205536676,0.3278240662665981,948.0,849.0,966.0,856.0,959.0,876.0,941.0,869.0,0.19
0.025731950732239883,-0.6614470009490889,0.1958450318747964,953.0,852.0,971.0,862.0,963.0,880.0,945.0,871.0,0.15
0.049180664317825196,-0.6190232723005491,0.31416543865730473,950.0,854.0,967.0,863.0,958.0,882.0,941.0,873.0,0.12
0.00034913823747029227,-0.6375530545799164,0.21927789218070615,941.0,845.0,958.0,854.0,949.0,872.0,932.0,863.0,0.11
0.00031634111301104273,-0.609667280627509,0.26744840121406543,936.0,840.0,952.0,850.0,943.0,868.0,926.0,858.0,0.05
-0.025435189070491915,-0.6186067507463282,0.227878239006865,930.0,837.0,946.0,846.0,937.0,864.0,921.0,855.0,0.04
-0.04978879234367717,-0.6203571958756935,0.198813069963796,924.0,832.0,939.0,842.0,931.0,859.0,915.0,850.0,0.03
-0.0814447754698071,-0.6375241146726507,0.15338616581645148,917.0,832.0,932.0,840.0,924.0,858.0,908.0,849.0,0.03
-0.0888084547128073,-0.626035318378432,0.19074594864734307,909.0,832.0,924.0,840.0,916.0,858.0,901.0,850.0,0.05
-0.1781315012779917,-0.6417476685911052,0.11664951146547109,883.0,824.0,899.0,832.0,891.0,849.0,876.0,842.0,0.06
-0.15653722750979204,-0.528687476691684,0.21648343389689728,879.0,792.0,894.0,800.0,887.0,818.0,871.0,810.0,0.07
-0.17057638707087364,-0.4953340830440249,0.17141001976484427,881.0,772.0,896.0,781.0,887.0,798.0,872.0,789.0,0.08
-0.2179181130016541,-0.47575008983185957,0.09387511002209159,874.0,754.0,888.0,762.0,880.0,779.0,865.0,770.0,0.1
-0.223217974110403,-0.38366169770776043,0.19846760042261025,857.0,727.0,872.0,736.0,864.0,753.0,848.0,744.0,0.1
-0.22261736822942113,-0.37531549182821416,0.20254119098077394,857.0,724.0,872.0,733.0,863.0,750.0,848.0,741.0,0.11
-0.22238158106779404,-0.36778264788380993,0.2035988268454223,857.0,721.0,872.0,730.0,863.0,747.0,848.0,738.0,0.11
-0.21721797916844832,-0.33373006675887534,0.2055097816446132,860.0,707.0,874.0,717.0,864.0,733.0,850.0,724.0,0.1
-0.22382760859317086,-0.32900273474397485,0.18681948766188938,860.0,703.0,874.0,713.0,865.0,729.0,850.0,720.0,0.1
-0.20185168127370257,-0.28942689853889164,0.23901284725007876,862.0,692.0,876.0,703.0,865.0,719.0,851.0,708.0,0.11
-0.21614210719714222,-0.2842045165336255,0.1524277415938613,870.0,682.0,883.0,693.0,872.0,708.0,858.0,697.0,0.12
-0.11894893409771568,-0.22512859872930086,0.21397235117014723,903.0,666.0,914.0,679.0,900.0,692.0,888.0,679.0,0.14
-0.08825451736039769,-0.21356630232679147,0.17536846763074054,921.0,659.0,932.0,673.0,917.0,685.0,906.0,671.0,0.14
-0.06558601349731963,-0.20735930556206145,0.14771304782921169,934.0,655.0,945.0,670.0,929.0,681.0,919.0,666.0,0.14
-0.02981058208011722,-0.19729085869264557,0.19291449486327528,943.0,655.0,954.0,671.0,938.0,682.0,928.0,666.0,0.14
-0.023455180151365274,-0.19815265624288886,0.2014799105883478,945.0,656.0,955.0,672.0,940.0,683.0,929.0,668.0,0.14
-0.010037336698450083,-0.2160984191426027,0.17962060163436488,954.0,663.0,963.0,679.0,947.0,689.0,937.0,673.0,0.14
-0.016121208722280622,-0.32483545623389937,0.10166785765991815,959.0,701.0,968.0,717.0,953.0,727.0,943.0,711.0,0.14
0.020705344472851994,-0.30946423949462115,0.27418326581525765,953.0,712.0,963.0,729.0,948.0,740.0,938.0,723.0,0.14
0.052606341729152906,-0.4434749513874285,0.20792463947947493,972.0,764.0,984.0,779.0,968.0,791.0,957.0,776.0,0.13
0.036243266009216235,-0.4748359823895298,0.11318721622182126,975.0,765.0,987.0,780.0,972.0,792.0,961.0,777.0,0.13
0.05427951407471743,-0.4644612729493767,0.15122924497501788,979.0,766.0,990.0,781.0,975.0,793.0,964.0,778.0,0.14
0.05025157826310889,-0.4768718856874123,0.10953549570079124,981.0,766.0,993.0,781.0,978.0,793.0,967.0,778.0,0.15
0.0721156544937317,-0.4710884314456744,0.11538747013092987,990.0,765.0,1001.0,781.0,986.0,792.0,975.0,777.0,0.15
0.1222561495823653,-0.4209268066350597,0.21033781966962728,1002.0,758.0,1013.0,773.0,997.0,785.0,986.0,769.0,0.22
0.1436437326669805,-0.39363563529419626,0.24884068171852913,1007.0,751.0,1018.0,768.0,1003.0,779.0,992.0,762.0,0.26
0.15029489583544442,-0.3785825780827879,0.2488995210635725,1011.0,745.0,1021.0,762.0,1005.0,773.0,995.0,755.0,0.3
0.1479418718513652,-0.380360837793221,0.2367436011423183,1011.0,744.0,1022.0,761.0,1005.0,772.0,995.0,755.0,0.34
0.16177214180183208,-0.3551674243181094,0.3025857190923169,1012.0,741.0,1021.0,759.0,1004.0,769.0,994.0,752.0,0.37
0.16488657699839537,-0.33505740481287,0.33730574431873084,1009.0,736.0,1020.0,754.0,1002.0,765.0,992.0,747.0,0.43
0.16739582528048946,-0.32172440203383906,0.35604186935283355,1009.0,732.0,1019.0,751.0,1001.0,761.0,991.0,743.0,0.43
0.18280868994073096,-0.2818420808412713,0.40059774526171044,1012.0,720.0,1022.0,738.0,1003.0,749.0,994.0,730.0,0.47
0.19450566863715624,-0.24525013787124667,0.40638593461441097,1018.0,704.0,1027.0,723.0,1008.0,733.0,999.0,713.0,0.49
0.22790130101516615,-0.20035815628982817,0.46633121589209914,1028.0,690.0,1037.0,711.0,1018.0,719.0,1009.0,699.0,0.49
0.2539210455272976,-0.18852470261632087,0.46550529435912447,1042.0,686.0,1050.0,706.0,1030.0,714.0,1021.0,694.0,0.53
0.2922810857227719,-0.1861404586559376,0.5004296200492928,1057.0,690.0,1065.0,711.0,1045.0,719.0,1037.0,697.0,0.55
0.3130109310402548,-0.19438950650159575,0.5204801989463621,1066.0,697.0,1073.0,719.0,1053.0,726.0,1045.0,704.0,0.58
0.3472527773819378,-0.27413265323371777,0.6040135104249225,1074.0,749.0,1082.0,772.0,1061.0,780.0,1053.0,757.0,0.59
0.37525766431494323,-0.470737632864121,0.6213828877631324,1086.0,856.0,1091.0,881.0,1069.0,886.0,1063.0,862.0,0.67
0.3645038916017094,-0.4977283860074135,0.6086955667808267,1081.0,867.0,1086.0,891.0,1064.0,897.0,1058.0,873.0,0.68
0.36058787188478425,-0.5034403321339225,0.615387310985601,1078.0,871.0,1084.0,895.0,1061.0,901.0,1055.0,877.0,0.7
0.36547068554931234,-0.49006150453173086,0.6655477886548136,1076.0,874.0,1082.0,899.0,1059.0,905.0,1053.0,880.0,0.7
0.3632844058618452,-0.479186362767468,0.730761219469984,1069.0,881.0,1075.0,907.0,1051.0,913.0,1045.0,888.0,0.72
0.3584407934270861,-0.48273966531563867,0.7306002525404862,1067.0,883.0,1072.0,909.0,1048.0,914.0,1042.0,889.0,0.73
-0.032778453982480915,-0.4176104293215967,0.895531147298879,827.0,853.0,834.0,877.0,809.0,887.0,802.0,862.0,0.73
-0.05484534033623145,-0.4337088721460564,0.8954830075784908,815.0,860.0,822.0,885.0,797.0,894.0,790.0,870.0,0.72
-0.07539201991867728,-0.4505661079311383,0.8622464867125763,811.0,861.0,819.0,886.0,794.0,895.0,787.0,871.0,0.65
-0.08530715172386638,-0.45516151915067055,0.8632458660635522,806.0,863.0,813.0,888.0,789.0,897.0,781.0,873.0,0.63
-0.0998501429618206,-0.4653433201454343,0.8401169906389849,803.0,863.0,811.0,887.0,787.0,897.0,779.0,873.0,0.57
-0.0939302725754867,-0.45578474044280876,0.8631133671878604,801.0,863.0,808.0,888.0,785.0,897.0,777.0,872.0,0.55
-0.13382743003131692,-0.47421417929657345,0.800720099459677,795.0,858.0,802.0,882.0,779.0,891.0,771.0,867.0,0.5
-0.15925038489584664,-0.47196203530610753,0.7784169811343662,788.0,851.0,794.0,875.0,771.0,883.0,764.0,860.0,0.48
-0.21704566574330275,-0.5160628063215988,0.7158563373005973,776.0,860.0,778.0,884.0,755.0,888.0,752.0,865.0,0.44
-0.2351344922783647,-0.5247078593407917,0.7108658886514869,770.0,864.0,769.0,887.0,746.0,889.0,746.0,866.0,0.41
-0.2876754634307246,-0.5671561557260698,0.6513254663166337,759.0,871.0,757.0,894.0,735.0,895.0,736.0,872.0,0.38
-0.4087418795949711,-0.2936318083947637,0.5188368962687933,737.0,718.0,735.0,739.0,714.0,738.0,715.0,717.0,0.39
-0.4232923476339885,-0.27330344805089485,0.518412551348495,731.0,708.0,729.0,729.0,708.0,728.0,709.0,707.0,0.4
-0.4588490174401414,-0.26086501684044466,0.5051931011146942,718.0,698.0,718.0,720.0,697.0,721.0,696.0,699.0,0.4
-0.4416166061913105,-0.24763644026682624,0.54996208488387,715.0,697.0,715.0,719.0,694.0,720.0,693.0,699.0,0.4
-0.4236603367877725,-0.23342503886251847,0.594527437721664,712.0,696.0,712.0,718.0,691.0,719.0,691.0,697.0,0.39
-0.44832809837445553,-0.23712758034055587,0.6041239747246854,700.0,698.0,699.0,719.0,677.0,720.0,677.0,700.0,0.38
-0.47155425045818977,-0.24752746725435643,0.5761155477437692,696.0,699.0,696.0,720.0,674.0,722.0,674.0,700.0,0.36
-0.5013460448179574,-0.2701390140276659,0.5905168139029153,680.0,710.0,678.0,732.0,657.0,732.0,659.0,711.0,0.35
-0.5230117224938231,-0.3066874631216097,0.6137835061806403,665.0,729.0,663.0,751.0,641.0,751.0,643.0,730.0,0.34
-0.5313937218353255,-0.3475013639608722,0.6128167946111018,661.0,748.0,659.0,770.0,638.0,770.0,640.0,748.0,0.34
-0.5643945868025928,-0.5034285287984324,0.5961396888709571,652.0,818.0,647.0,840.0,626.0,837.0,632.0,816.0,0.34
-0.6584411153666452,-0.5500451163575948,0.605474981838066,612.0,839.0,603.0,859.0,583.0,852.0,591.0,832.0,0.35
-0.6623343457612239,-0.545174613424581,0.6033159549102223,611.0,836.0,601.0,857.0,582.0,849.0,591.0,829.0,0.34
-0.6351139314904704,-0.47649962755288117,0.6103505478085776,620.0,807.0,610.0,828.0,592.0,820.0,601.0,800.0,0.33
-0.6664371435280805,-0.45033489769090423,0.5646931873361201,620.0,788.0,609.0,808.0,591.0,799.0,601.0,780.0,0.33
-0.6897310446649392,-0.4517364262914452,0.533034284972068,619.0,784.0,608.0,803.0,590.0,794.0,600.0,775.0,0.36
-0.6826111872196954,-0.43476845228058675,0.5578597725481447,615.0,780.0,605.0,799.0,586.0,790.0,596.0,771.0,0.37
-0.6830035880294576,-0.4258652037237414,0.5919081969825202,606.0,781.0,594.0,800.0,576.0,790.0,588.0,771.0,0.37
-0.698504851903254,-0.43798487703381445,0.5732357951417066,605.0,784.0,592.0,802.0,575.0,792.0,587.0,773.0,0.35
-0.7127518640153843,-0.44132725048820104,0.5820749082419421,597.0,788.0,583.0,804.0,566.0,792.0,580.0,775.0,0.34
-0.753232163391879,-0.2995448912793997,0.5013625858460622,602.0,712.0,589.0,729.0,573.0,718.0,586.0,701.0,0.33
-0.6855198781160088,-0.26027973784364516,0.6013454533822156,602.0,707.0,588.0,725.0,573.0,713.0,587.0,696.0,0.33
-0.7748114676487965,-0.28756049335544503,0.4695794373717881,602.0,703.0,589.0,720.0,573.0,708.0,586.0,692.0,0.32
-0.8092521752512665,-0.2014286871682544,0.4642811405036067,590.0,663.0,578.0,680.0,561.0,670.0,573.0,653.0,0.32
-0.8044423828313756,-0.18795114500115756,0.49851242019332753,583.0,662.0,569.0,677.0,553.0,666.0,567.0,649.0,0.32
-0.8107880822812943,-0.19174977531580933,0.49863181837389803,581.0,663.0,566.0,679.0,551.0,667.0,564.0,651.0,0.37
-0.8145336569626271,-0.1955026444475016,0.4985961814373461,579.0,665.0,565.0,680.0,549.0,669.0,563.0,652.0,0.4
-0.7746483990299862,-0.44884109491008267,0.7700422410423884,511.0,826.0,488.0,831.0,485.0,808.0,508.0,804.0,0.53
-0.8185235683132228,-0.47651278647000844,0.7259271676592152,508.0,829.0,484.0,835.0,481.0,813.0,504.0,808.0,0.58
-0.7900490506045545,-0.4495653898479441,1.0163355486310488,410.0,873.0,385.0,869.0,390.0,844.0,415.0,848.0,0.7
-0.7952887152989001,-0.4506714107141698,1.010952888136913,410.0,872.0,384.0,868.0,390.0,843.0,415.0,848.0,0.7
-0.8671011059974216,-0.3152565240755045,0.9875867184629648,386.0,791.0,360.0,787.0,365.0,763.0,390.0,767.0,0.75
-0.8895382011553303,-0.15915427416580347,1.0256317786800533,360.0,709.0,334.0,709.0,334.0,684.0,360.0,684.0,0.81
-0.8972963157070859,-0.14497010983708064,1.0177789217208408,360.0,700.0,333.0,700.0,334.0,675.0,360.0,675.0,0.81
-0.8839530152680779,-0.1348698015027298,1.030604122889261,361.0,696.0,334.0,697.0,333.0,672.0,360.0,671.0,0.81
-0.8570470832414279,-0.12163879157909724,1.0562118937663354,362.0,693.0,335.0,694.0,334.0,669.0,360.0,667.0,0.81
-0.8360620327192556,-0.106165063225029,1.0621096585175023,369.0,685.0,343.0,688.0,340.0,662.0,366.0,660.0,0.83
-0.7733559840571873,-0.2438300151878065,1.133755347020352,368.0,778.0,340.0,779.0,340.0,752.0,366.0,752.0,0.88
-0.8102949639461603,-0.41041894063276446,1.2079413170866966,314.0,889.0,288.0,880.0,296.0,855.0,321.0,865.0,0.88
-0.8248104781598977,-0.4245953397402305,1.196173508208362,314.0,893.0,287.0,885.0,295.0,860.0,320.0,869.0,0.87
-0.8190247200748924,-0.422698572014965,1.2064561554175368,311.0,895.0,285.0,887.0,293.0,861.0,318.0,870.0,0.89
-0.8170789747562779,-0.42030483315457273,1.2087456851707201,310.0,895.0,283.0,886.0,294.0,860.0,319.0,869.0,0.89
-0.7865276321604766,-0.39004167468348133,1.240274338518256,308.0,887.0,281.0,877.0,292.0,851.0,318.0,861.0,0.93
-0.7728309947704377,-0.3659588490608892,1.255658060508878,307.0,877.0,279.0,868.0,290.0,841.0,316.0,850.0,0.93
-0.7635490472065991,-0.3624410435158894,1.2644503682314292,306.0,878.0,279.0,868.0,291.0,841.0,316.0,851.0,0.94
-0.7676982170079174,-0.3652737878055336,1.2590968435836642,307.0,878.0,279.0,868.0,292.0,841.0,317.0,852.0,0.94
-0.7963878952912518,-0.3257024938646755,1.2664920355959413,288.0,853.0,261.0,843.0,273.0,816.0,298.0,827.0,0.95
-0.7860390021803771,-0.31675196177732917,1.2772188121982824,286.0,851.0,260.0,840.0,273.0,813.0,298.0,825.0,0.93
-0.8108964266130316,-0.32751332308846864,1.2513832149296857,288.0,850.0,261.0,839.0,274.0,813.0,300.0,825.0,0.92
-0.8805059034255114,0.026370804741760734,1.0605305520586463,340.0,614.0,315.0,603.0,327.0,580.0,350.0,590.0,0.83
-0.8542864736649343,0.035062556624421315,1.07858753209114,343.0,611.0,319.0,601.0,331.0,577.0,354.0,587.0,0.79
-0.9067862552488946,0.03168088495254162,0.8121367055243041,431.0,593.0,407.0,584.0,418.0,563.0,440.0,572.0,0.68
-0.9294909499341188,0.031570624598875885,0.7012866802342366,460.0,586.0,438.0,577.0,449.0,557.0,470.0,567.0,0.5
-0.8888313403814341,0.03770754378334684,0.7383981600299345,464.0,586.0,442.0,576.0,453.0,557.0,474.0,568.0,0.49
-0.9024627816061546,0.033533458160820984,0.7055306363894005,468.0,587.0,448.0,575.0,460.0,557.0,480.0,568.0,0.42
-0.9097486016423961,0.033906922783403515,0.6869672525084058,472.0,585.0,451.0,574.0,463.0,556.0,483.0,567.0,0.42
-0.8986328324217869,0.45506985109885845,0.47125737018483527,548.0,383.0,527.0,383.0,527.0,364.0,548.0,363.0,0.34
-0.8863474174083215,0.4611989980342343,0.48008628975453416,551.0,380.0,529.0,380.0,529.0,361.0,550.0,360.0,0.34
-0.9189563949479966,0.4702611966142074,0.42650415236161576,553.0,377.0,533.0,378.0,531.0,359.0,552.0,357.0,0.35
-0.873920625643422,0.4723600390010292,0.4796154974753537,556.0,375.0,534.0,375.0,534.0,356.0,555.0,355.0,0.35
-0.8652108019797717,0.48036554473649007,0.46868414581087814,562.0,372.0,541.0,372.0,540.0,352.0,562.0,352.0,0.35
-0.8429390544962159,0.47211502233051855,0.46640216181672356,572.0,376.0,550.0,376.0,550.0,356.0,571.0,356.0,0.35
-0.8298535678905739,0.44391801932802377,0.4637514935418996,578.0,389.0,556.0,389.0,556.0,369.0,577.0,369.0,0.31
-0.8186996456370805,0.1733950789149475,0.4517554624245368,584.0,512.0,563.0,509.0,566.0,490.0,587.0,492.0,0.31
-0.8298527102999664,0.1396678611769027,0.4413509275992151,583.0,526.0,562.0,524.0,564.0,505.0,585.0,506.0,0.31
-0.7887846601478257,0.1310772074155059,0.5059989376645588,581.0,533.0,560.0,530.0,563.0,511.0,584.0,512.0,0.32
-0.8075135088672851,0.11323201998188817,0.48275873800761815,580.0,540.0,559.0,537.0,562.0,517.0,583.0,520.0,0.33
-0.7870631265181569,0.10961538169985827,0.5139164591274552,579.0,543.0,558.0,540.0,562.0,520.0,583.0,523.0,0.33
-0.7993516173388839,0.0837106996577952,0.5007680275506163,578.0,554.0,557.0,551.0,560.0,531.0,582.0,534.0,0.32
-0.787897409936168,0.05846348478834151,0.5093339735067888,580.0,566.0,559.0,563.0,563.0,543.0,584.0,546.0,0.3
-0.7455743142513034,0.015434059732711947,0.4984874878050718,600.0,586.0,579.0,583.0,583.0,563.0,604.0,566.0,0.28
-0.6957603862279236,0.01433218773677547,0.49241250068906695,622.0,587.0,601.0,585.0,605.0,565.0,625.0,567.0,0.27
-0.7026461961302859,0.013470564187872625,0.4399295096399145,633.0,585.0,612.0,582.0,615.0,563.0,636.0,565.0,0.25
-0.676067459569264,0.020589225147512713,0.4779070832142125,634.0,584.0,613.0,582.0,616.0,562.0,637.0,564.0,0.24
-0.6887170201800563,0.01756098250772281,0.45600781119957734,635.0,584.0,614.0,582.0,616.0,562.0,637.0,564.0,0.25
-0.7161359207431148,0.015966747474365273,0.39968633009951393,637.0,582.0,617.0,579.0,620.0,559.0,641.0,562.0,0.25
-0.6557425742555445,0.04659910718224686,0.47120552443545893,643.0,573.0,623.0,570.0,627.0,550.0,647.0,553.0,0.25
-0.6896791148543489,0.07407820478733607,0.38416627052202035,652.0,556.0,632.0,554.0,634.0,535.0,654.0,536.0,0.25
-0.6567621155517935,0.11713250450265711,0.41334695465731697,659.0,538.0,638.0,537.0,639.0,518.0,660.0,519.0,0.25
-0.6971804471663681,0.26676752108123286,0.3517383621191046,659.0,470.0,639.0,471.0,637.0,452.0,657.0,450.0,0.25
-0.7207865056255667,0.3036868921186533,0.3193904678063393,658.0,453.0,638.0,455.0,635.0,436.0,655.0,434.0,0.25
-0.6962520118750282,0.3347925882590631,0.3647975175549196,657.0,440.0,636.0,441.0,634.0,423.0,654.0,420.0,0.25
-0.7279458083521211,0.34085336607057326,0.3119516593980767,657.0,437.0,637.0,439.0,634.0,420.0,654.0,418.0,0.25
-0.7308672444741358,0.3478901447761226,0.30717404060832676,657.0,434.0,637.0,436.0,634.0,417.0,654.0,415.0,0.25
-0.7300695801043682,0.3746463078982034,0.30848111079598617,657.0,423.0,637.0,424.0,634.0,406.0,654.0,403.0,0.25
-0.7140357681644443,0.40448676727496713,0.3240964249884759,660.0,409.0,640.0,412.0,636.0,393.0,656.0,390.0,0.25
-0.6977589601714873,0.4336389531448551,0.322290196694452,667.0,396.0,647.0,400.0,643.0,381.0,662.0,377.0,0.24
-0.6703639327640734,0.45307044092120374,0.33815309363446033,674.0,388.0,654.0,391.0,650.0,372.0,669.0,368.0,0.23
-0.6636136444191894,0.4703168537467731,0.31261127598590477,682.0,381.0,663.0,384.0,658.0,366.0,678.0,361.0,0.23
-0.6330240482570331,0.4751017408169035,0.3237121576616393,692.0,379.0,672.0,382.0,668.0,363.0,687.0,359.0,0.21
-0.628550957926872,0.48393988078572325,0.2911070842084622,701.0,376.0,681.0,379.0,677.0,360.0,696.0,357.0,0.2
-0.6049096184055534,0.47958042376079996,0.29217380794635384,710.0,378.0,690.0,381.0,686.0,362.0,705.0,359.0,0.21
-0.6112983226718278,0.4596220137412529,0.24424275567081644,717.0,388.0,698.0,391.0,694.0,372.0,713.0,369.0,0.21
-0.5918892198528776,0.4267777305589281,0.2510934146034298,723.0,402.0,704.0,405.0,700.0,386.0,719.0,383.0,0.22
-0.5864673248951846,0.38717644791171535,0.24879601374416005,725.0,420.0,706.0,421.0,703.0,403.0,722.0,400.0,0.21
-0.5351776045244032,0.12019674513062806,0.36421696105110213,718.0,539.0,698.0,536.0,700.0,517.0,720.0,519.0,0.22
-0.5382415795860382,0.11173778469385678,0.358431318813512,718.0,542.0,698.0,540.0,700.0,521.0,720.0,522.0,0.23
-0.5161012012060795,0.1070459908908919,0.3992394957542422,718.0,546.0,698.0,544.0,700.0,524.0,720.0,526.0,0.24
-0.5449342872169722,-0.013035830440402851,0.364794314777932,713.0,597.0,693.0,594.0,696.0,575.0,716.0,577.0,0.24
-0.5426960172933761,-0.01526531874410142,0.36426468473067786,714.0,598.0,694.0,595.0,697.0,576.0,717.0,578.0,0.28
-0.5058498577460278,-0.006573582830364855,0.42524702868767594,716.0,598.0,695.0,596.0,699.0,576.0,718.0,578.0,0.28
-0.5110710686428759,-0.010973298309104595,0.40977525913539825,717.0,599.0,697.0,597.0,699.0,577.0,720.0,579.0,0.29
-0.5043868365418651,-0.011123305472807543,0.4143667404212361,719.0,599.0,699.0,598.0,701.0,578.0,721.0,579.0,0.29
-0.4871332206404355,-0.014407197161205698,0.4065040366521644,728.0,601.0,707.0,599.0,710.0,579.0,730.0,581.0,0.3
-0.44715942977577616,0.005703500607892098,0.449268203920969,735.0,595.0,715.0,594.0,717.0,573.0,737.0,575.0,0.34
-0.4571272560963917,0.01889756814289456,0.39689480953423883,743.0,586.0,722.0,585.0,724.0,565.0,744.0,566.0,0.38
-0.3835122458366571,0.284986267143012,0.5122289530115909,751.0,468.0,730.0,468.0,730.0,446.0,751.0,447.0,0.46
-0.3889776588756144,0.3139643621875726,0.5212367426854234,747.0,455.0,725.0,453.0,726.0,432.0,747.0,433.0,0.5
-0.3755133311439456,0.3221710271833469,0.5530911854118092,746.0,451.0,724.0,449.0,724.0,428.0,746.0,429.0,0.52
-0.38252442606342485,0.38470596773291077,0.5565148074519044,742.0,420.0,720.0,419.0,720.0,397.0,743.0,398.0,0.56
-0.3778834955463999,0.43680298689976427,0.5683711436095846,742.0,394.0,720.0,393.0,719.0,371.0,742.0,372.0,0.6
-0.3957667337579853,0.4702721997789686,0.5944802443809105,727.0,377.0,705.0,375.0,706.0,352.0,728.0,355.0,0.62
-0.3886037701441154,0.4733692647977699,0.6245554163331071,723.0,374.0,702.0,373.0,702.0,350.0,723.0,351.0,0.69
-0.4599439489032633,0.4931131758204981,0.8116258508603196,639.0,356.0,613.0,353.0,616.0,329.0,640.0,331.0,0.75
-0.4642348180587128,0.4833502836447451,0.9701355020778741,584.0,354.0,557.0,350.0,561.0,324.0,586.0,327.0,0.87
-0.49292788397777465,0.48698392627971154,0.9533517754918708,575.0,353.0,548.0,348.0,552.0,323.0,578.0,326.0,0.93
-0.4575655776978411,0.4832372742442975,1.0241381556254563,567.0,351.0,540.0,347.0,544.0,320.0,571.0,324.0,0.96
-0.5028015268221997,0.48349523562177765,0.9990270784432282,553.0,353.0,525.0,347.0,530.0,321.0,557.0,326.0,0.98
-0.4570431333021341,0.47539482724865906,1.0692844970842597,549.0,354.0,521.0,348.0,528.0,321.0,555.0,327.0,1.0
-0.45354341892213457,0.4711181407563849,1.1115489446900797,532.0,355.0,505.0,347.0,514.0,320.0,541.0,328.0,1.02
-0.45804969587038147,0.46969244113378045,1.1139877894690062,528.0,356.0,501.0,347.0,511.0,321.0,538.0,329.0,1.04
-0.49346496152472397,0.4818823967159622,1.0962195016011058,515.0,350.0,489.0,339.0,500.0,313.0,526.0,324.0,1.05
-0.5020350279993671,0.5163253749263592,1.1066801525608043,505.0,328.0,479.0,315.0,492.0,290.0,517.0,302.0,1.05
-0.47778814459406704,0.5338909544283821,1.1591102791574879,494.0,313.0,469.0,298.0,484.0,273.0,508.0,287.0,1.07
-0.4697512580958183,0.5437036672995219,1.184607224512763,487.0,304.0,461.0,289.0,477.0,264.0,502.0,278.0,1.11
-0.47712597768861365,0.542012716446876,1.1864424458589284,482.0,305.0,456.0,290.0,472.0,265.0,497.0,279.0,1.15
-0.4710778974526668,0.527172195260937,1.198683530133816,480.0,314.0,454.0,299.0,470.0,273.0,494.0,288.0,1.18
-0.4904494430458548,0.5167744570289968,1.192174655874204,472.0,322.0,446.0,306.0,462.0,281.0,487.0,296.0,1.18
-0.44254709408109605,0.49528933161332067,1.265768477287908,465.0,331.0,438.0,315.0,455.0,289.0,480.0,303.0,1.22
-0.43357201965146785,0.45801889041836746,1.3005946013690683,453.0,355.0,426.0,339.0,443.0,312.0,469.0,327.0,1.23
-0.4044789189154516,0.44202618879054856,1.3241721241695275,460.0,365.0,431.0,350.0,448.0,322.0,475.0,336.0,1.26
-0.38013102600477855,0.4387518153953964,1.3316102064995912,471.0,367.0,442.0,352.0,459.0,324.0,487.0,338.0,1.27
-0.3510487902017294,0.4439537338031695,1.3249378251613537,494.0,364.0,463.0,349.0,480.0,321.0,508.0,334.0,1.27
-0.28679614263173747,0.44368763469533035,1.387523451453927,503.0,361.0,472.0,345.0,489.0,315.0,519.0,330.0,1.25
-0.29179374382852186,0.44406025511305935,1.3964242878836477,494.0,360.0,463.0,343.0,482.0,314.0,512.0,330.0,1.22
-0.30708802630660914,0.4422100901965225,1.421721133359727,468.0,360.0,439.0,341.0,460.0,312.0,488.0,331.0,1.21
-0.3416807836344897,0.4420347983482378,1.4014272767688276,456.0,362.0,427.0,341.0,449.0,314.0,477.0,334.0,1.17
-0.33456706420317905,0.4286262408430584,1.4065952199105587,456.0,372.0,429.0,350.0,453.0,324.0,478.0,345.0,1.11
-0.2296216587857618,0.3358643360596709,0.9708367476653312,696.0,449.0,677.0,428.0,699.0,411.0,716.0,431.0,0.94
-0.1995782643457562,0.38699763955693844,0.8215264423379824,752.0,421.0,737.0,399.0,758.0,386.0,772.0,407.0,0.82
-0.13040631648244516,0.18394106861237827,0.5145825338625962,846.0,524.0,839.0,503.0,860.0,497.0,866.0,518.0,0.49
-0.13882368000764034,0.17717099179617857,0.4886433875181986,846.0,526.0,840.0,506.0,861.0,500.0,867.0,520.0,0.41
-0.15113052768624735,0.16861609632252678,0.4464363793269719,848.0,529.0,842.0,508.0,863.0,503.0,868.0,523.0,0.36
-0.1467168333949631,0.16429800172697798,0.45181736564595765,849.0,531.0,843.0,511.0,864.0,505.0,869.0,525.0,0.3
-0.14450408509085677,0.16014779523193706,0.45153417709414523,850.0,533.0,844.0,513.0,865.0,507.0,870.0,527.0,0.28
-0.13846789401704573,0.15166193205300926,0.46252973427687527,850.0,537.0,845.0,517.0,866.0,512.0,871.0,532.0,0.24
-0.16915314836838158,0.13059478476271608,0.35743730547346075,854.0,543.0,850.0,522.0,870.0,519.0,874.0,538.0,0.21
-0.16038800775708295,0.1469518148634697,0.3477578424596901,860.0,535.0,856.0,515.0,875.0,511.0,879.0,531.0,0.17
-0.1868342684973573,0.1654831238421896,0.2878814490910613,858.0,524.0,855.0,505.0,874.0,501.0,877.0,521.0,0.13
-0.20632643771564896,0.24223679401505188,0.2320128633885079,860.0,489.0,856.0,471.0,875.0,466.0,878.0,486.0,0.12
-0.2062610785720369,0.2814317029634328,0.22923648304130317,860.0,472.0,857.0,454.0,876.0,450.0,879.0,468.0,0.1
-0.23541098555639317,0.3500464583880922,0.12100051619728047,865.0,442.0,863.0,424.0,881.0,421.0,883.0,440.0,0.09
-0.23507175386197743,0.35607846695693435,0.11684003179850766,866.0,440.0,863.0,421.0,882.0,419.0,884.0,437.0,0.09
-0.23470440929062952,0.38171989582264804,0.10025108443702901,869.0,429.0,866.0,411.0,884.0,408.0,887.0,427.0,0.1
-0.2250140996700697,0.3965414464435897,0.09406027808073558,873.0,423.0,871.0,404.0,890.0,403.0,891.0,421.0,0.1
-0.19483179594387867,0.4062799975753191,0.08975734064022234,886.0,419.0,883.0,401.0,902.0,399.0,904.0,417.0,0.11
-0.18078877563418638,0.4200722454323709,0.02834798482058387,900.0,415.0,897.0,397.0,915.0,394.0,918.0,412.0,0.12
-0.14685992162510308,0.42805296600190235,0.025790720162990333,914.0,412.0,910.0,394.0,929.0,391.0,931.0,409.0,0.12
-0.1171345164759382,0.4329500409722872,0.010041931034206364,927.0,410.0,924.0,393.0,942.0,389.0,945.0,408.0,0.12
-0.10991459100923462,0.4344134245301201,0.008522738795738505,930.0,410.0,927.0,392.0,945.0,389.0,948.0,407.0,0.12
0.009978330090467447,0.44279878136196815,-0.0022888405796708255,980.0,408.0,974.0,391.0,992.0,386.0,997.0,403.0,0.12
0.09796096721340941,0.4250132594035297,-0.12457446714904608,1027.0,419.0,1020.0,403.0,1035.0,395.0,1043.0,411.0,0.11
0.22563239878359842,0.4429676891619233,-0.17576760311292672,1083.0,414.0,1073.0,400.0,1086.0,389.0,1097.0,403.0,0.1
0.2904051228557202,0.44713319334174106,-0.12476751371268424,1106.0,412.0,1095.0,399.0,1108.0,387.0,1120.0,399.0,0.12
0.32310417055086726,0.4347416368698429,-0.05850882504694255,1117.0,416.0,1104.0,405.0,1116.0,390.0,1129.0,402.0,0.14
0.339595204428427,0.39284370487984077,0.04642790731400437,1115.0,433.0,1104.0,419.0,1118.0,406.0,1130.0,420.0,0.19
0.34010113477184467,0.3858528024051368,0.0481567824441842,1115.0,436.0,1104.0,422.0,1118.0,409.0,1130.0,423.0,0.19
0.3404324068360428,0.37685946479689447,0.034283340460441014,1116.0,440.0,1105.0,426.0,1119.0,413.0,1130.0,427.0,0.17
0.32944588047510703,0.3614716254518273,-0.0630959507200135,1116.0,447.0,1106.0,432.0,1120.0,421.0,1131.0,435.0,0.17
0.3459183544567947,0.33388479049314546,0.027909869069220772,1118.0,459.0,1107.0,443.0,1121.0,432.0,1132.0,446.0,0.16
0.3422056164367734,0.29520868793663096,0.04681543645057573,1114.0,475.0,1104.0,460.0,1118.0,448.0,1129.0,463.0,0.16
0.33669754671158186,0.2593377436155898,0.043814897216304605,1112.0,490.0,1101.0,476.0,1115.0,463.0,1126.0,478.0,0.16
0.3381603279252201,0.2532254671420413,0.05679786194834158,1111.0,493.0,1101.0,478.0,1115.0,466.0,1126.0,481.0,0.16
0.3125080734799923,0.16155574085969193,-0.12026268862314016,1109.0,527.0,1099.0,513.0,1114.0,501.0,1124.0,516.0,0.19
0.3276554189975619,0.12611096515607048,0.003560197549424604,1107.0,545.0,1098.0,530.0,1112.0,519.0,1123.0,534.0,0.2
0.31808456696091886,0.0918511842255561,0.0316779511016172,1101.0,560.0,1091.0,545.0,1106.0,534.0,1117.0,549.0,0.22
0.29722523859973865,0.0760586617051727,0.10227613041380046,1086.0,568.0,1077.0,553.0,1094.0,543.0,1103.0,559.0,0.23
0.28388377091103373,0.07139481890573546,0.0771765024212483,1082.0,569.0,1073.0,553.0,1090.0,544.0,1099.0,560.0,0.25
-0.012471601765881468,0.1245527892562461,0.332337035967913,925.0,546.0,922.0,526.0,943.0,526.0,944.0,545.0,0.27
-0.05507927687154912,0.1188597005723317,0.22325104035913013,921.0,544.0,919.0,525.0,939.0,524.0,940.0,543.0,0.3
-0.08045821506174322,0.15647030719619434,0.2979614445047689,899.0,528.0,900.0,508.0,920.0,510.0,918.0,530.0,0.3
-0.059084904926806625,0.2475389098458563,0.2147558030161818,921.0,488.0,920.0,469.0,940.0,467.0,941.0,487.0,0.35
0.24979173236559105,0.31897471334300165,0.36867936466074136,1045.0,463.0,1037.0,445.0,1057.0,436.0,1065.0,455.0,0.46
0.2551462440329102,0.3249668375332946,0.36231019923400654,1048.0,461.0,1041.0,442.0,1060.0,433.0,1068.0,452.0,0.48
0.25669009153951994,0.3307945926421192,0.34326818250443303,1051.0,458.0,1043.0,439.0,1063.0,430.0,1070.0,450.0,0.51
0.25687982042797,0.33742176650268274,0.3150423684329442,1054.0,455.0,1046.0,436.0,1065.0,427.0,1073.0,447.0,0.55
0.26747840099312004,0.3431496863166712,0.3437276404535736,1056.0,452.0,1048.0,433.0,1068.0,425.0,1076.0,444.0,0.62
0.2754509233977337,0.3611447874895697,0.335254309513457,1061.0,444.0,1053.0,424.0,1073.0,416.0,1080.0,436.0,0.68
0.27982727460424983,0.38705708972193964,0.3898847869333717,1059.0,431.0,1050.0,412.0,1070.0,402.0,1079.0,422.0,0.76
0.05667295990550736,0.4111723680595506,0.894234464501958,865.0,404.0,862.0,377.0,890.0,375.0,891.0,402.0,0.92
0.07132433393841331,0.40658928038285413,0.9503359943105583,861.0,405.0,858.0,378.0,887.0,376.0,888.0,403.0,0.93
0.06510441462059835,0.40572397406255767,0.9450676894624295,858.0,406.0,856.0,378.0,884.0,377.0,886.0,404.0,1.06
0.07551706501980704,0.4027426481746911,0.9785437492710778,857.0,407.0,854.0,379.0,883.0,377.0,885.0,405.0,1.1
0.07796964432260745,0.4005074831903561,0.9915935263779614,855.0,408.0,853.0,380.0,882.0,378.0,883.0,406.0,1.24
0.07689033961620773,0.3946862561135416,0.9997313480160928,853.0,412.0,850.0,383.0,879.0,381.0,881.0,410.0,1.38
0.09572696570330774,0.3846405361648585,1.073349145758612,846.0,417.0,844.0,387.0,874.0,385.0,876.0,415.0,1.44
0.1326342407696216,0.3766684979509421,1.1691574350565825,846.0,421.0,842.0,390.0,874.0,387.0,878.0,418.0,1.44
0.1734501016354958,0.37128506778975057,1.2781881864137135,844.0,424.0,840.0,390.0,874.0,386.0,879.0,420.0,1.46
0.19836205947060914,0.37830188618654736,1.327906909970574,848.0,418.0,844.0,383.0,879.0,378.0,884.0,413.0,1.5
0.23141714925390028,0.39129628226811525,1.391590163967932,855.0,406.0,850.0,369.0,887.0,363.0,892.0,401.0,1.53
0.26009997772985455,0.4072342093434726,1.4410925792442413,864.0,391.0,857.0,352.0,896.0,345.0,902.0,385.0,1.57
0.2915225132684888,0.4239572154357472,1.49447773408006,873.0,373.0,867.0,332.0,908.0,326.0,914.0,366.0,1.59
0.31726445825623567,0.43837103144263345,1.5276099796832794,886.0,358.0,879.0,315.0,921.0,308.0,928.0,349.0,1.61
0.33876022498422403,0.45165211143008444,1.5671033778723213,893.0,341.0,886.0,296.0,930.0,289.0,936.0,333.0,1.64
0.3551236073597783,0.45819621718223363,1.6031045384994032,897.0,330.0,889.0,285.0,935.0,277.0,942.0,321.0,1.64
0.3604730080395232,0.44328781254844973,1.6361959361657106,890.0,342.0,883.0,296.0,930.0,288.0,937.0,334.0,1.7
0.35204493155449884,0.4258390803860498,1.640934182433618,880.0,361.0,872.0,314.0,919.0,306.0,927.0,352.0,1.74
0.3578718263287324,0.4107941578515118,1.6947170750544984,865.0,373.0,857.0,324.0,906.0,316.0,915.0,363.0,1.74
0.3630367811067676,0.40019772163299827,1.7352756377330307,854.0,382.0,845.0,332.0,896.0,323.0,906.0,371.0,1.77
0.36957113263671815,0.388545599427735,1.7543490213017572,854.0,396.0,843.0,344.0,895.0,333.0,906.0,383.0,1.78
0.3827629907638778,0.38152309687450153,1.7746379001202555,860.0,403.0,848.0,350.0,902.0,339.0,913.0,390.0,1.75
0.4037340837121526,0.3844427834268638,1.7857897066103798,880.0,399.0,867.0,346.0,922.0,335.0,934.0,386.0,1.74
0.4260869484413693,0.3964368790527183,1.7913013376402989,904.0,384.0,892.0,331.0,947.0,319.0,959.0,370.0,1.74
0.44225523752494433,0.4004149090932745,1.7893730758026238,924.0,379.0,912.0,325.0,968.0,315.0,979.0,366.0,1.73
0.452819978909618,0.39967404539152607,1.7785437563027215,939.0,380.0,930.0,326.0,986.0,318.0,994.0,370.0,1.73
0.45422607952536026,0.4064573715862826,1.7655010433928033,944.0,372.0,938.0,318.0,993.0,312.0,999.0,364.0,1.73
0.4490591626106356,0.41454687039803906,1.752884336623813,941.0,362.0,938.0,308.0,992.0,305.0,996.0,357.0,1.74
0.4504996672316821,0.4141577757426367,1.7587915667420346,940.0,361.0,938.0,307.0,993.0,306.0,995.0,357.0,1.75
0.5885340694211214,0.17024543274350834,1.7431818313771914,1108.0,669.0,1094.0,616.0,1145.0,603.0,1160.0,657.0,1.71
0.5901978408903368,0.1599515720348145,1.725538924599185,1112.0,677.0,1099.0,625.0,1149.0,613.0,1164.0,666.0,1.69
0.5928757482781242,0.15025501970909147,1.710013506626924,1117.0,685.0,1104.0,634.0,1154.0,622.0,1169.0,674.0,1.69
0.6027880350802937,0.14154239389178552,1.7167679887524854,1128.0,698.0,1114.0,646.0,1164.0,635.0,1179.0,687.0,1.69
0.6140233621440266,0.1277956845955761,1.6995851471194707,1141.0,710.0,1130.0,659.0,1180.0,649.0,1194.0,701.0,1.68
0.6344446491460135,0.10817807657018375,1.6993995756096227,1163.0,734.0,1154.0,682.0,1205.0,675.0,1217.0,727.0,1.68
0.6527033424487244,0.08947054058078813,1.6929422675243377,1183.0,755.0,1177.0,702.0,1229.0,697.0,1237.0,751.0,1.68
0.6556252639230777,0.08636719600529102,1.6912215014959247,1186.0,758.0,1181.0,705.0,1232.0,701.0,1240.0,755.0,1.69
0.6727366805175365,0.06493410738199873,1.7051877921551148,1205.0,788.0,1200.0,735.0,1252.0,732.0,1259.0,788.0,1.69
0.6839067335639248,0.0200013514951633,1.6884506235395933,1217.0,837.0,1212.0,783.0,1264.0,780.0,1271.0,835.0,1.69
0.6958361533378188,-0.05458002088822017,1.7228337658757962,1226.0,942.0,1221.0,886.0,1274.0,881.0,1282.0,939.0,1.69
0.6936020279042137,-0.08386835723449454,1.7342160569085117,1222.0,983.0,1216.0,926.0,1269.0,920.0,1277.0,979.0,1.69
0.6917384906932236,-0.10839383382306028,1.7401228243830698,1217.0,1014.0,1212.0,959.0,1266.0,952.0,1273.0,1011.0,1.68
0.6828665156509344,-0.130637272018865,1.7252024632080127,1205.0,1029.0,1201.0,974.0,1255.0,970.0,1260.0,1027.0,1.67
0.6796324745244151,-0.12966685592497196,1.7316956639099055,1200.0,1031.0,1198.0,976.0,1251.0,972.0,1255.0,1029.0,1.66
0.6687270463277074,-0.13942666114723884,1.7455067141760219,1183.0,1047.0,1184.0,992.0,1238.0,991.0,1239.0,1048.0,1.65
0.6648896076785145,-0.1626957744974062,1.7275882420160076,1178.0,1061.0,1181.0,1006.0,1234.0,1008.0,1232.0,1065.0,1.65
0.18784201060962613,-0.20757478089927012,1.8098416595620397,614.0,1064.0,621.0,1013.0,672.0,1022.0,662.0,1074.0,1.64
0.18096041343075597,-0.19413209381326818,1.8113951791038856,606.0,1049.0,613.0,998.0,664.0,1007.0,654.0,1059.0,1.64
0.17885414219295115,-0.1873220833104408,1.8123514554592315,603.0,1042.0,611.0,990.0,661.0,1000.0,651.0,1052.0,1.64
0.12827859176177836,0.05577251545560885,1.7672796378858484,581.0,748.0,593.0,700.0,641.0,712.0,627.0,761.0,1.62
0.11674334757398608,0.05770990255336883,1.7527437428792978,579.0,741.0,591.0,693.0,639.0,706.0,625.0,753.0,1.62
0.11803916053134311,0.06471622262399213,1.7583069097600386,577.0,735.0,588.0,687.0,637.0,700.0,623.0,747.0,1.62
0.10357380378874037,0.06503283559265743,1.7406616900439584,574.0,728.0,586.0,682.0,634.0,694.0,620.0,741.0,1.62
0.09355557716124197,0.08631042597586672,1.75012166073,559.0,707.0,570.0,661.0,618.0,672.0,605.0,720.0,1.6
-0.18697757325916264,0.29460294038517015,1.7308503426714026,323.0,469.0,337.0,426.0,380.0,442.0,362.0,484.0,1.56
-0.1868741390139177,0.29902390539148505,1.7358902652362929,319.0,464.0,333.0,421.0,376.0,438.0,358.0,480.0,1.55
-0.19590219073062953,0.3034847128166433,1.731560115625257,314.0,459.0,330.0,416.0,372.0,434.0,354.0,475.0,1.54
-0.18801433073984564,0.3058510950762004,1.741724894766757,312.0,457.0,328.0,414.0,371.0,431.0,352.0,473.0,1.53
-0.19360311068426928,0.3072460146128818,1.7341365217426863,314.0,456.0,329.0,413.0,372.0,429.0,354.0,471.0,1.53
-0.21467346663195563,0.31102491545898003,1.706145844245576,320.0,452.0,334.0,410.0,376.0,425.0,359.0,466.0,1.54
0.1940205257476979,0.5358008421027562,1.6057908161646948,738.0,245.0,742.0,199.0,787.0,204.0,782.0,248.0,1.57
0.20290634656204348,0.5371365696293918,1.611476977854895,744.0,243.0,746.0,197.0,792.0,201.0,790.0,244.0,1.58
0.21366024993310395,0.5380364888483404,1.6189809840263234,751.0,240.0,752.0,195.0,799.0,198.0,797.0,241.0,1.59
0.22049209073032733,0.5393742845761607,1.6222626021366737,756.0,238.0,757.0,193.0,804.0,195.0,802.0,239.0,1.6
0.2276185670400619,0.5419297309207897,1.620622432925291,764.0,236.0,764.0,191.0,811.0,192.0,810.0,236.0,1.6
0.5172106562268797,0.6551892227197477,1.4730647252817644,1097.0,152.0,1081.0,111.0,1121.0,96.0,1138.0,135.0,1.55
0.5221883052118637,0.6581253899650781,1.4633472992487278,1104.0,152.0,1087.0,111.0,1127.0,95.0,1144.0,134.0,1.55
0.5288974352147681,0.6570497827203083,1.4687202877081054,1109.0,151.0,1093.0,110.0,1133.0,94.0,1150.0,134.0,1.55
0.5386336065289654,0.6493234991813559,1.498304095477779,1114.0,151.0,1098.0,109.0,1138.0,93.0,1157.0,132.0,1.56
0.5407531728139043,0.6555438202804686,1.4791064803056329,1119.0,150.0,1103.0,108.0,1143.0,92.0,1161.0,131.0,1.57
0.5471525295285173,0.6577681450898507,1.4610760961875597,1127.0,152.0,1112.0,111.0,1152.0,94.0,1169.0,134.0,1.57
0.5584098349348258,0.6373001779324858,1.4908739236155881,1134.0,165.0,1118.0,124.0,1159.0,105.0,1177.0,145.0,1.57
0.5614265844743176,0.6277608109319606,1.4714382142536944,1140.0,181.0,1123.0,140.0,1163.0,119.0,1181.0,158.0,1.6
0.5726264958765958,0.5984177984475886,1.4797484991119412,1150.0,208.0,1131.0,168.0,1171.0,146.0,1191.0,185.0,1.64
0.6036836740133057,0.5506548023198168,1.4757921823187379,1180.0,256.0,1160.0,217.0,1199.0,194.0,1221.0,233.0,1.71
0.6258173066094758,0.5378453068455304,1.5315129377056604,1198.0,259.0,1177.0,217.0,1218.0,195.0,1241.0,235.0,1.76
0.6383127792888514,0.5382976473357637,1.5535863972674127,1208.0,253.0,1189.0,209.0,1233.0,190.0,1253.0,232.0,1.82
0.6604487008580242,0.5490465209666899,1.6241733965159721,1229.0,225.0,1210.0,177.0,1257.0,159.0,1278.0,204.0,1.87
0.6627073083873004,0.5532379709309863,1.622126180910319,1231.0,220.0,1213.0,173.0,1261.0,154.0,1281.0,200.0,1.93
0.676385141816191,0.5575424017554733,1.6925987759717374,1245.0,195.0,1226.0,145.0,1278.0,127.0,1299.0,175.0,1.97
0.6861132284880134,0.5522528407016787,1.7539719292929816,1256.0,183.0,1236.0,129.0,1290.0,112.0,1314.0,162.0,1.99
0.6905173907717245,0.5380580646458388,1.7933121999283363,1262.0,190.0,1239.0,134.0,1295.0,116.0,1321.0,168.0,1.99
0.6797560843548537,0.5255058366047349,1.8382091491497379,1244.0,193.0,1220.0,135.0,1279.0,119.0,1306.0,171.0,1.99
0.6721769726215908,0.5100624059083171,1.867056415924221,1229.0,206.0,1206.0,146.0,1267.0,132.0,1293.0,187.0,1.98
0.6668337711780261,0.4935735985931651,1.877638645502801,1218.0,228.0,1196.0,167.0,1258.0,155.0,1283.0,210.0,1.98
0.6628853787356078,0.48099277019880904,1.8804236636325362,1210.0,247.0,1189.0,186.0,1251.0,174.0,1276.0,229.0,1.96
0.6558623215848094,0.4727137703545479,1.8755111770059512,1200.0,262.0,1178.0,201.0,1239.0,188.0,1264.0,244.0,1.94
0.6504582041992745,0.4662332489154576,1.874670654407013,1191.0,272.0,1170.0,211.0,1230.0,199.0,1255.0,255.0,1.94
0.5765876123560656,0.4394797536585797,1.8573797167438764,1079.0,316.0,1065.0,257.0,1127.0,248.0,1142.0,303.0,1.94
0.5389740458500389,0.3972823291109462,1.7629926883357918,1049.0,383.0,1039.0,332.0,1094.0,325.0,1105.0,375.0,1.73
0.5360496524638325,0.38451834668544943,1.6824374876763981,1065.0,405.0,1053.0,357.0,1104.0,350.0,1115.0,395.0,1.67
0.5378129675735264,0.3850487200900475,1.6680835851766491,1070.0,406.0,1058.0,359.0,1108.0,350.0,1120.0,394.0,1.67
0.5395600086020798,0.384786210213393,1.6624258650032426,1072.0,406.0,1062.0,360.0,1111.0,351.0,1123.0,395.0,1.55
0.5416817659285336,0.38545361382268717,1.6490648514703836,1077.0,406.0,1067.0,360.0,1116.0,352.0,1127.0,395.0,1.48
0.5562900681882376,0.39121784315791497,1.5868701658337248,1106.0,404.0,1093.0,360.0,1139.0,350.0,1152.0,392.0,1.43
0.579787442328649,0.3902811317859916,1.5337886824008533,1138.0,408.0,1125.0,367.0,1168.0,355.0,1183.0,395.0,1.38
0.5824677457854188,0.38301435646996945,1.4729309913465598,1147.0,419.0,1135.0,378.0,1176.0,366.0,1190.0,405.0,1.31
0.5764940900772334,0.37386823855762036,1.4211467257331165,1146.0,429.0,1135.0,389.0,1175.0,378.0,1187.0,416.0,1.25
0.5709940643018341,0.37232709694500526,1.392512290193348,1144.0,430.0,1133.0,393.0,1172.0,381.0,1184.0,418.0,1.2
0.5584109184511457,0.3766903643812459,1.3455992447908025,1138.0,427.0,1127.0,391.0,1165.0,380.0,1176.0,415.0,1.18
0.5316674991634323,0.3828391467842267,1.2312661794131863,1127.0,424.0,1118.0,390.0,1153.0,380.0,1162.0,414.0,1.21
0.5102614242171443,0.39398878815366034,1.1765331248978448,1116.0,416.0,1108.0,383.0,1142.0,374.0,1149.0,407.0,1.29
0.48150704053072446,0.4226516524032563,1.104941700507996,1102.0,396.0,1096.0,363.0,1129.0,358.0,1134.0,389.0,1.37
0.12609066501512445,0.5002423254584936,1.347248713006198,785.0,313.0,789.0,278.0,825.0,281.0,820.0,315.0,1.34
0.11937606465475636,0.4985499311785367,1.335040609770187,784.0,315.0,788.0,281.0,824.0,284.0,819.0,318.0,1.21
0.10224205943403586,0.500229572204862,1.2946822451839024,785.0,318.0,789.0,283.0,824.0,288.0,819.0,321.0,1.14
0.09439160716182571,0.5002184991403079,1.272871622444555,787.0,320.0,790.0,286.0,825.0,290.0,820.0,323.0,1.09
0.09691732376568929,0.49815427628269143,1.2713060804598166,789.0,322.0,793.0,288.0,827.0,292.0,822.0,324.0,1.04
0.0890581464882737,0.49859220753616224,1.2292155214790352,797.0,325.0,801.0,292.0,834.0,296.0,828.0,328.0,1.0
0.07941964791639278,0.5073264453304461,1.162068887239743,810.0,324.0,815.0,292.0,846.0,297.0,840.0,327.0,0.93
0.06148555459755578,0.5250382028776723,1.0872838741993973,819.0,317.0,824.0,287.0,854.0,292.0,848.0,321.0,0.9
0.058583294853498225,0.5398316340283464,1.0530887067554617,826.0,309.0,831.0,280.0,861.0,286.0,855.0,314.0,0.91
0.03434555111136128,0.5609847843071494,0.9859684058543707,828.0,301.0,834.0,272.0,862.0,279.0,856.0,306.0,0.95
0.006667912490168959,0.5749706583338399,0.9279254173504694,826.0,297.0,832.0,269.0,859.0,276.0,853.0,302.0,0.95
-0.025710181027900902,0.5763336013838265,0.8947627744221911,816.0,299.0,821.0,272.0,848.0,278.0,842.0,304.0,1.22
-0.06328103340145441,0.5382445979307114,0.9730863318907859,775.0,318.0,778.0,289.0,807.0,293.0,803.0,322.0,1.36
-0.02080761981198309,0.5284368562213128,1.1099327277072708,761.0,313.0,765.0,282.0,796.0,288.0,791.0,317.0,1.41
0.15628083793667058,0.5761626474113962,1.226541746225741,847.0,268.0,846.0,234.0,880.0,236.0,881.0,267.0,1.34
0.15807882411695628,0.5158418422786379,1.0924002269368427,881.0,325.0,882.0,294.0,913.0,296.0,912.0,325.0,1.13
0.15584894227147728,0.4965993682797606,1.046111121521608,889.0,340.0,892.0,311.0,922.0,315.0,919.0,342.0,1.01
0.153034290349239,0.4735766379385985,0.9640520356828497,905.0,361.0,907.0,332.0,936.0,335.0,933.0,363.0,0.95
0.16762860186603823,0.4550768727288316,0.9300368837173467,919.0,373.0,924.0,345.0,952.0,351.0,946.0,377.0,0.93
0.1719367676190876,0.45293755982232997,0.927573020364586,922.0,374.0,927.0,347.0,955.0,352.0,949.0,379.0,0.91
0.15129693406534228,0.45861296042817046,0.8388355554713574,926.0,374.0,931.0,348.0,959.0,353.0,952.0,380.0,0.89
0.21267475283494613,0.45322779569931315,0.9023574289896803,950.0,374.0,957.0,348.0,984.0,355.0,977.0,380.0,0.89
0.2405602554530607,0.46788507985150135,0.8498559140009068,975.0,367.0,983.0,342.0,1009.0,349.0,1001.0,374.0,0.93
0.2729163944446491,0.48382311561656716,0.814039802771761,999.0,359.0,1008.0,334.0,1033.0,342.0,1025.0,366.0,1.0
0.32286216403293455,0.49389327324411436,0.8283996128429698,1027.0,353.0,1035.0,327.0,1061.0,334.0,1053.0,359.0,1.06
0.33320638269208197,0.49277381143558585,0.8402204912615416,1032.0,353.0,1039.0,327.0,1066.0,334.0,1058.0,359.0,1.13
0.3585658496422093,0.4815334069144439,0.8180958569640624,1050.0,362.0,1056.0,335.0,1083.0,341.0,1076.0,368.0,1.16
0.5063997991420648,0.18520029382601702,1.1471255803824691,1105.0,566.0,1108.0,534.0,1140.0,536.0,1138.0,570.0,1.17
0.5073924802109985,0.17643188349333944,1.1355231226711078,1107.0,572.0,1109.0,539.0,1142.0,543.0,1139.0,575.0,1.17
0.5101180532995044,0.1620170402804921,1.1348572305273814,1108.0,582.0,1111.0,550.0,1144.0,553.0,1141.0,586.0,1.11
0.5138709444101318,0.14249189760375514,1.157326454102671,1108.0,598.0,1112.0,565.0,1144.0,570.0,1140.0,603.0,1.04
0.49863117241085375,0.11066273139428606,1.0824019734405483,1103.0,612.0,1108.0,582.0,1139.0,587.0,1135.0,618.0,1.03
0.49873686249363663,0.10722372707852518,1.0951602223233763,1102.0,617.0,1107.0,585.0,1138.0,590.0,1133.0,621.0,0.93
0.4090196264108359,0.01386516673059085,0.8952656393643506,1063.0,654.0,1066.0,626.0,1095.0,628.0,1091.0,657.0,0.88
0.3871040570071983,-0.004160306538390779,0.9126149164085944,1048.0,666.0,1050.0,639.0,1078.0,640.0,1076.0,668.0,0.86
0.3767836306046405,-0.022945533813718777,0.8826483092083999,1045.0,674.0,1047.0,647.0,1074.0,648.0,1073.0,675.0,0.87
0.3758229703077567,-0.028879450569298137,0.8738915083622687,1046.0,677.0,1047.0,650.0,1074.0,650.0,1073.0,677.0,0.91
0.3713086758808102,-0.03834637774894328,0.8488038695512219,1046.0,679.0,1047.0,653.0,1074.0,653.0,1073.0,680.0,1.0
0.36575324557555144,-0.061877204098158944,0.85538769915034,1041.0,693.0,1043.0,667.0,1070.0,668.0,1068.0,695.0,1.02
0.36461341463939645,-0.08644085810645324,0.8861507015431711,1036.0,712.0,1038.0,685.0,1065.0,686.0,1064.0,714.0,1.11
0.08991048952763858,-0.14784821748782212,1.2793684179286795,775.0,805.0,779.0,771.0,812.0,773.0,808.0,807.0,1.18
0.06996418015056494,-0.15346131469463065,1.2882555909574829,759.0,810.0,763.0,776.0,795.0,777.0,791.0,811.0,1.18
0.04807634324898846,-0.168429001081289,1.2583557737850475,754.0,812.0,756.0,779.0,790.0,780.0,786.0,813.0,1.06
0.05305672056390254,-0.1615818845831013,1.2878651255756282,748.0,815.0,751.0,781.0,783.0,781.0,780.0,815.0,0.98
0.025059757858350573,-0.17991338985609967,1.2401382466334059,745.0,815.0,747.0,782.0,779.0,782.0,777.0,815.0,0.94
0.03452621253688959,-0.17027514558747286,1.2695784321690748,742.0,816.0,744.0,782.0,776.0,782.0,773.0,815.0,0.88
-0.03193385770440005,-0.20035861508076908,1.185037260015348,727.0,813.0,727.0,782.0,759.0,781.0,758.0,811.0,0.83
-0.06520916595377768,-0.1969488915216589,1.1487279809893893,718.0,799.0,719.0,770.0,750.0,771.0,748.0,800.0,0.76
-0.10569835305961328,-0.1928733605773411,1.061050635729657,721.0,778.0,723.0,750.0,752.0,750.0,750.0,778.0,0.75
-0.12252066913864179,-0.1733006585157411,1.0107492942612792,727.0,757.0,729.0,729.0,756.0,729.0,755.0,757.0,0.77
-0.17869804893486352,-0.1666061270727816,0.9224688158401193,723.0,736.0,722.0,711.0,749.0,710.0,749.0,736.0,0.8
-0.35951105255820726,-0.16812450841755722,1.1972822592823011,525.0,770.0,529.0,740.0,560.0,742.0,555.0,772.0,1.0
-0.35969973020554735,-0.16171371748925195,1.234453965942995,509.0,772.0,512.0,742.0,545.0,744.0,539.0,775.0,1.08
-0.36915183577779054,-0.15408080781201067,1.2496718417851362,496.0,769.0,500.0,739.0,532.0,741.0,528.0,772.0,1.07
-0.3524315923106709,-0.1452422580854147,1.2753369139358433,494.0,769.0,498.0,738.0,531.0,741.0,526.0,772.0,1.07
-0.3587103737400039,-0.14492873926906524,1.2704456026141746,493.0,768.0,496.0,737.0,529.0,739.0,525.0,770.0,1.07
-0.3660912608491167,-0.13836411265820142,1.2756336731574254,487.0,764.0,489.0,733.0,522.0,735.0,518.0,766.0,1.07
-0.37068427351505306,-0.13943382711879576,1.2719036726553994,486.0,763.0,488.0,733.0,521.0,735.0,517.0,766.0,1.07
-0.386528414148805,-0.13922806428188622,1.2685105738190474,478.0,762.0,481.0,731.0,513.0,733.0,509.0,764.0,1.06
-0.43002179547567265,-0.14379478503848353,1.2822267957466673,447.0,765.0,449.0,734.0,480.0,735.0,478.0,766.0,1.06
-0.44848171491597344,-0.14903276299776297,1.273629626200921,441.0,765.0,442.0,735.0,474.0,736.0,471.0,767.0,1.09
-0.45442426008714354,-0.15396505418072054,1.275964388011648,437.0,769.0,436.0,739.0,469.0,739.0,468.0,769.0,1.15
-0.4704575931065198,-0.16800617994823075,1.2787646685303145,427.0,779.0,426.0,748.0,457.0,747.0,458.0,777.0,1.2
-0.5458795544982731,-0.2163566735024804,1.2454080685845146,401.0,799.0,400.0,767.0,434.0,767.0,432.0,798.0,1.24
-0.4402926726224057,-0.15707468474970376,1.4316805970378015,362.0,803.0,362.0,770.0,399.0,770.0,396.0,804.0,1.24
-0.41699661379007513,-0.13894057089330902,1.4869111440041884,344.0,804.0,344.0,769.0,381.0,770.0,378.0,805.0,1.36
-0.4360463234682226,-0.1439237415150914,1.4738047821156204,339.0,803.0,340.0,769.0,377.0,769.0,375.0,804.0,1.39
-0.4502162624743049,-0.13468272669214004,1.7566272386776258,136.0,863.0,140.0,822.0,179.0,824.0,173.0,865.0,1.43
-0.4513239293971627,-0.13380552951968294,1.7586751147101523,134.0,863.0,136.0,822.0,177.0,823.0,171.0,864.0,1.36
-0.4662603326692021,-0.13805384596938242,1.7476570917545775,134.0,861.0,137.0,821.0,176.0,822.0,170.0,863.0,1.28
-0.4980611155910435,-0.1498620226778153,1.7216856525717912,135.0,859.0,138.0,820.0,177.0,822.0,171.0,862.0,1.19
-0.497038262796629,-0.14925682102426158,1.7189516203949973,138.0,858.0,141.0,819.0,179.0,821.0,173.0,861.0,1.12
-0.6406235944264551,0.3251728351653784,1.5362065655693327,170.0,440.0,168.0,405.0,203.0,402.0,203.0,436.0,1.34
-0.6347692548360313,0.33039929787300415,1.533540557661221,175.0,436.0,173.0,401.0,208.0,398.0,208.0,432.0,1.31
-0.6154528537178654,0.33786297101538465,1.536229924003223,184.0,430.0,182.0,395.0,217.0,392.0,217.0,427.0,1.23
-0.6417600485428396,0.3406546558313509,1.5072254306681687,189.0,428.0,186.0,393.0,221.0,391.0,222.0,425.0,1.21
-0.6606874376650373,0.33964181538555493,1.4369042234074627,226.0,430.0,221.0,397.0,253.0,393.0,257.0,426.0,1.19
-0.6533419404630658,0.33833725009370313,1.4379054931579567,229.0,431.0,224.0,398.0,257.0,394.0,260.0,427.0,1.2
-0.6767595844844452,0.3334655105747465,1.4048138946683724,237.0,435.0,231.0,403.0,264.0,398.0,268.0,430.0,1.21
-0.659095919029846,0.32896053733766506,1.4190838422479393,238.0,438.0,233.0,406.0,265.0,401.0,269.0,434.0,1.23
-0.6558511377888261,0.3275589293490667,1.423255394642225,237.0,439.0,232.0,407.0,265.0,402.0,268.0,435.0,1.23
-0.6766790727801582,0.31925329490924464,1.4232120705597184,225.0,445.0,220.0,413.0,254.0,408.0,257.0,440.0,1.22
-0.6695789093142521,0.3112287418369101,1.4429518279847653,216.0,451.0,212.0,418.0,246.0,414.0,249.0,446.0,1.19
-0.6457602717494408,0.28845349247582375,1.4588344929210217,219.0,468.0,216.0,435.0,250.0,431.0,252.0,464.0,1.12
-0.6242149942240927,0.2744806571290693,1.4616313319051524,229.0,479.0,227.0,446.0,261.0,442.0,263.0,475.0,1.04
-0.7087769263844899,0.25107133870177656,1.1761492659537365,345.0,487.0,344.0,459.0,374.0,458.0,373.0,486.0,1.02
-0.7074459936276334,0.25187759410956123,1.169638626229465,349.0,486.0,349.0,458.0,378.0,458.0,376.0,486.0,0.91
-0.7655188529006856,0.2780303044318451,0.9812761460824335,407.0,468.0,405.0,443.0,432.0,441.0,432.0,466.0,0.78
-0.6977767880581591,0.28558068103086465,1.0477081096162737,412.0,465.0,411.0,438.0,436.0,438.0,435.0,464.0,0.77
-0.764758848943867,0.29053341268502675,0.9631904391242896,415.0,461.0,413.0,436.0,439.0,434.0,440.0,459.0,0.78
-0.7401050819041364,0.30394492142439083,0.9761869638716061,422.0,454.0,419.0,428.0,445.0,427.0,446.0,452.0,0.84
-0.7584216208874901,0.32334350018249103,0.9335410623715268,430.0,443.0,428.0,417.0,453.0,417.0,455.0,441.0,0.89
-0.6722269588190362,0.36990550391623844,1.0202488180939324,435.0,415.0,434.0,388.0,460.0,390.0,460.0,416.0,0.96
-0.6743721854932949,0.37326738818930005,1.0200425197373908,434.0,413.0,433.0,386.0,459.0,388.0,459.0,414.0,1.01
-0.6470377241818199,0.4013305862252069,1.091131046083339,415.0,393.0,416.0,366.0,444.0,369.0,442.0,397.0,1.07
-0.5892560226823627,0.41560457865271305,1.1766816934890034,405.0,382.0,407.0,353.0,436.0,356.0,433.0,385.0,1.12
-0.5812447252924529,0.4383860670306948,1.2017374103834777,396.0,366.0,398.0,336.0,429.0,340.0,426.0,369.0,1.16
-0.5784595997014799,0.44314071415803125,1.207870488185769,394.0,362.0,397.0,332.0,428.0,337.0,424.0,366.0,1.2
-0.523386094832756,0.45734538481943915,1.2801626890352271,388.0,349.0,391.0,317.0,423.0,322.0,419.0,352.0,1.25
-0.53881008192383,0.462158491168389,1.2643982109937117,387.0,346.0,390.0,315.0,423.0,320.0,418.0,350.0,1.27
-0.47100464143625365,0.4614433700123641,1.3448887613419147,384.0,342.0,387.0,309.0,420.0,313.0,416.0,345.0,1.25
-0.431657301440999,0.4560697278100205,1.394771474965378,380.0,343.0,383.0,309.0,417.0,312.0,413.0,345.0,1.19
-0.4234423947214203,0.44765039082586433,1.3938256204961994,386.0,350.0,387.0,316.0,423.0,318.0,420.0,351.0,1.13
-0.3756957570469155,0.38025901032989023,1.3032819379771678,467.0,407.0,464.0,374.0,498.0,373.0,499.0,404.0,1.03
-0.41443018414591615,0.40537739860328204,1.0517021093176933,555.0,396.0,554.0,368.0,583.0,369.0,582.0,397.0,0.96
-0.4086012424901011,0.4077661226351944,1.0534463534876344,557.0,394.0,557.0,366.0,586.0,368.0,584.0,396.0,0.92
-0.4009995318289503,0.41085739528919685,1.0571261414304698,559.0,392.0,561.0,364.0,588.0,366.0,587.0,394.0,0.88
-0.3930282780045471,0.41598071245203266,1.0540607285820114,565.0,389.0,566.0,361.0,594.0,363.0,592.0,391.0,0.85
-0.3759631727300452,0.42250184061856366,1.0556708628917277,574.0,385.0,575.0,357.0,603.0,359.0,600.0,387.0,0.79
-0.40216609544112547,0.4269870218159626,0.9889344620481348,583.0,384.0,585.0,357.0,613.0,360.0,611.0,387.0,0.75
-0.4617308647178675,0.4250336104676172,0.8575373254727534,598.0,390.0,599.0,364.0,626.0,366.0,624.0,392.0,0.74
-0.41512225332411967,0.41899262798761217,0.9247196728909537,599.0,391.0,600.0,365.0,628.0,368.0,626.0,393.0,0.75
-0.4240005115878762,0.41590772237469703,0.8771960451588419,611.0,395.0,611.0,369.0,638.0,371.0,637.0,396.0,0.77
-0.40988557349688626,0.408957833519198,0.8276604505396914,635.0,401.0,633.0,376.0,659.0,376.0,660.0,401.0,0.81
-0.36862478892363737,0.4045915789894553,0.822549502242834,657.0,404.0,655.0,379.0,681.0,379.0,682.0,404.0,0.85
-0.3367006299151185,0.3987312964707823,0.8257290393953898,672.0,408.0,670.0,383.0,696.0,382.0,697.0,407.0,0.9
-0.29213677133099814,0.3924875356855912,0.8768632509085479,680.0,411.0,677.0,386.0,704.0,384.0,706.0,409.0,0.9
-0.268605903304302,0.3956996367544394,0.9154172834614411,681.0,409.0,678.0,382.0,705.0,381.0,707.0,407.0,1.0
-0.27750545415367034,0.39922926957436816,0.9022158186077014,680.0,407.0,677.0,380.0,705.0,379.0,706.0,406.0,1.04
-0.232517248682362,0.4038044353319137,0.9888234510388356,677.0,402.0,675.0,374.0,704.0,374.0,704.0,401.0,1.08
-0.23969208435748945,0.41361387775155456,0.9931326885060661,671.0,396.0,670.0,367.0,699.0,367.0,699.0,396.0,1.1
-0.21418095481254218,0.41730881707681333,1.0735428648869232,658.0,390.0,658.0,361.0,688.0,362.0,688.0,391.0,1.13
